ID,SMILES
CHEMBL2,COc1cc2nc(N3CCN(C(=O)c4ccco4)CC3)nc(N)c2cc1OC
CHEMBL3,CN1CCC[C@H]1c1cccnc1
CHEMBL6200,c1cncc([C@@H]2CCCN2)c1
CHEMBL4,CC1COc2c(N3CCN(C)CC3)c(F)cc3c(=O)c(C(=O)O)cn1c23
CHEMBL5,CCn1cc(C(=O)O)c(=O)c2ccc(C)nc21
CHEMBL6246,O=c1oc2c(O)c(O)cc3c(=O)oc4c(O)c(O)cc1c4c23
CHEMBL6,COc1ccc2c(c1)c(CC(=O)O)c(C)n2C(=O)c1ccc(Cl)cc1
CHEMBL403,CC1(C)[C@H](C(=O)O)N2C(=O)C[C@H]2S1(=O)=O
CHEMBL6259,CN1CCN(c2cc3c(cc2F)c(=O)c(C(=O)O)cn3-c2ccc(F)cc2)CC1
CHEMBL404,C[C@]1(Cn2ccnn2)[C@H](C(=O)O)N2C(=O)C[C@H]2S1(=O)=O
CHEMBL6273,CN1CCN(c2c(F)cc3c(=O)c(C(=O)O)cn(CCF)c3c2F)CC1
CHEMBL6209,CCNCC1CCN(c2c(F)cc3c(=O)c(C(=O)O)cn(CC)c3c2F)C1
CHEMBL6231,CNn1cc(C(=O)O)c(=O)c2cc(F)c(N3CCN(C)CC3)cc21
CHEMBL8,O=C(O)c1cn(C2CC2)c2cc(N3CCNCC3)c(F)cc2c1=O
CHEMBL9,CCn1cc(C(=O)O)c(=O)c2cc(F)c(N3CCNCC3)cc21
CHEMBL269538,COc1ccc2c(c1)[nH]c1c(C)nccc12
CHEMBL405,CC(N)Cc1ccccc1
CHEMBL6622,O=[N+]([O-])O[C@H]1CO[C@H]2[C@@H]1OC[C@H]2O[N+](=O)[O-]
CHEMBL6437,CN1CCN2c3ccccc3Cc3ccccc3C2C1
CHEMBL6731,CC(N)Cc1ccc2c(c1)OCO2
CHEMBL263881,CCN(CC)C(=O)[C@@H]1C=C2c3cccc4[nH]cc(c34)C[C@H]2N(C)C1
CHEMBL11,CN(C)CCCN1c2ccccc2CCc2ccccc21
CHEMBL406,CC1Cc2ccccc2N1NC(=O)c1ccc(Cl)c(S(N)(=O)=O)c1
CHEMBL407,CCOC(=O)c1ncn2c1CN(C)C(=O)c1cc(F)ccc1-2
CHEMBL408,Cc1c(C)c2c(c(C)c1O)CCC(C)(COc1ccc(CC3SC(=O)NC3=O)cc1)O2
CHEMBL409,CC(O)(CS(=O)(=O)c1ccc(F)cc1)C(=O)Nc1ccc(C#N)c(C(F)(F)F)c1
CHEMBL12,CN1C(=O)CN=C(c2ccccc2)c2cc(Cl)ccc21
CHEMBL266979,CCCCC(C)(O)C/C=C/[C@H]1[C@H](O)CC(=O)[C@@H]1CC/C=C\CCC(=O)OC
CHEMBL13,COCCc1ccc(OCC(O)CNC(C)C)cc1
CHEMBL6378,CC1c2ccccc2CN1NC(=O)c1ccc(Cl)c(S(N)(=O)=O)c1
CHEMBL266195,C=CCc1ccccc1OCC(O)CNC(C)C
CHEMBL538393,CN(C)C1(C)C2CCC(C2)C1(C)C
CHEMBL411,CC/C(=C(/CC)c1ccc(O)cc1)c1ccc(O)cc1
CHEMBL267936,CNC1(C)C2CCC(C2)C1(C)C
CHEMBL14,C[N+](C)(C)CCOC(N)=O.[Cl-]
CHEMBL16,O=C1NC(=O)C(c2ccccc2)(c2ccccc2)N1
CHEMBL414,NS(=O)(=O)c1ccc(C(=O)O)cc1
CHEMBL415,CN(C)CCCN1c2ccccc2CCc2ccc(Cl)cc21
CHEMBL7010,CCNC1C2CCC(C2)C1c1ccccc1
CHEMBL416,COc1c2occc2cc2ccc(=O)oc12
CHEMBL17,NS(=O)(=O)c1cc(Cl)c(Cl)c(S(N)(=O)=O)c1
CHEMBL6607,COc1cc(CC(C)N)c(OC)cc1Br
CHEMBL18,CCOc1ccc2nc(S(N)(=O)=O)sc2c1
CHEMBL19,CC(=O)/N=c1/sc(S(N)(=O)=O)nn1C
CHEMBL20,CC(=O)Nc1nnc(S(N)(=O)=O)s1
CHEMBL419,NCc1ccc(S(N)(=O)=O)cc1
CHEMBL21,Nc1ccc(S(N)(=O)=O)cc1
CHEMBL420,N=C(N)N/N=C/c1c(Cl)cccc1Cl
CHEMBL22,COc1cc(Cc2cnc(N)nc2N)cc(OC)c1OC
CHEMBL421,O=C(O)c1cc(/N=N/c2ccc(S(=O)(=O)Nc3ccccn3)cc2)ccc1O
CHEMBL6466,O=c1ccc2ccccc2o1
CHEMBL23,COc1ccc([C@@H]2Sc3ccccc3N(CCN(C)C)C(=O)[C@@H]2OC(C)=O)cc1
CHEMBL24,CC(C)NCC(O)COc1ccc(CC(N)=O)cc1
CHEMBL25,CC(=O)Oc1ccccc1C(=O)O
CHEMBL422,CN1CCN(CCCN2c3ccccc3Sc3ccc(C(F)(F)F)cc32)CC1
CHEMBL26,CCN1CCCC1CNC(=O)c1cc(S(N)(=O)=O)ccc1OC
CHEMBL423,CC(C)NCC(O)COc1ccc(CCOCC2CC2)cc1
CHEMBL424,O=C(O)c1ccccc1O
CHEMBL425,O=C(O)c1cc(/N=N/c2ccc(O)c(C(=O)O)c2)ccc1O
CHEMBL27,CC(C)NCC(O)COc1cccc2ccccc12
CHEMBL6995,CC(=O)Nc1ccc(OCC(O)CNC(C)C)cc1
CHEMBL427,CN(CCCl)CCCl
CHEMBL7002,CC1(COc2ccc(CC3SC(=O)NC3=O)cc2)CCCCC1
CHEMBL267447,CCCc1cc(=O)oc2c3c(c4c(c12)OC(C)(C)C=C4)O[C@H](C)[C@@H](C)[C@@H]3O
CHEMBL29,CC1(C)S[C@@H]2[C@H](NC(=O)Cc3ccccc3)C(=O)N2[C@H]1C(=O)O
CHEMBL428,N[C@@H]1[C@H]2CN(c3nc4c(cc3F)c(=O)c(C(=O)O)cn4-c3ccc(F)cc3F)C[C@@H]12
CHEMBL30,CN/C(=N\CCSCc1nc[nH]c1C)NC#N
CHEMBL31,COc1c(N2CCNC(C)C2)c(F)cc2c(=O)c(C(=O)O)cn(C3CC3)c12
CHEMBL429,CC(CCc1ccccc1)NCC(O)c1ccc(O)c(C(N)=O)c1
CHEMBL32,COc1c(N2C[C@@H]3CCCN[C@@H]3C2)c(F)cc2c(=O)c(C(=O)O)cn(C3CC3)c12
CHEMBL33,C[C@H]1COc2c(N3CCN(C)CC3)c(F)cc3c(=O)c(C(=O)O)cn1c23
CHEMBL7467,CC(C)(CNC(N)=O)NCC(O)COC(=O)c1ccccc1F
CHEMBL430,CO/N=C1\CN(c2nc3c(cc2F)c(=O)c(C(=O)O)cn3C2CC2)CC1CN
CHEMBL7492,COc1ccc(OC)c(Cc2cnc3nc(N)nc(N)c3c2C)c1
CHEMBL431,CCOC(=O)[C@H](CCc1ccccc1)N[C@@H](C)C(=O)N1CC2(C[C@H]1C(=O)O)SCCS2
CHEMBL433,CCCC(CCC)C(=O)[O-].[Na+]
CHEMBL434,CC(C)NCC(O)c1ccc(O)c(O)c1
CHEMBL266497,O=C1NC(=O)[C@@]2(CCOc3ccc(F)cc32)N1
CHEMBL435,NS(=O)(=O)c1cc2c(cc1Cl)NCNS2(=O)=O
CHEMBL35,NS(=O)(=O)c1cc(C(=O)O)c(NCc2ccco2)cc1Cl
CHEMBL36,CCc1nc(N)nc(N)c1-c1ccc(Cl)cc1
CHEMBL436,COc1ccc2c(C(=S)N(C)CC(=O)O)cccc2c1C(F)(F)F
CHEMBL437,Nc1ccc(S(=O)(=O)Nc2nccs2)cc1
CHEMBL7679,O=C(O)Cc1nn(Cc2ccc(Br)cc2F)c(=O)c2ccccc12
CHEMBL438,Cc1ccnc(NS(=O)(=O)c2ccc(N)cc2)n1
CHEMBL439,Nc1ccc(S(=O)(=O)Nc2ncccn2)cc1
CHEMBL440,C=CCC1(C(C)CCC)C(=O)NC(=S)NC1=O
CHEMBL441,CCCC(C)C1(CC)C(=O)NC(=S)NC1=O
CHEMBL268164,CCC1(C2=CCCCC2)C(=O)NC(=O)NC1=O
CHEMBL39,NCCc1c[nH]c2ccc(O)cc12
CHEMBL7413,C=CCC1(C(C)C#CCC)C(=O)NC(=O)N(C)C1=O
CHEMBL40,CCC1(c2ccccc2)C(=O)NC(=O)NC1=O
CHEMBL41,CNCCC(Oc1ccc(C(F)(F)F)cc1)c1ccccc1
CHEMBL7257,COc1ccc2[nH]cc(CCN(C)C)c2c1
CHEMBL443,Cc1cc(NS(=O)(=O)c2ccc(N)cc2)no1
CHEMBL444,CCC1(CC)C(=O)NC(=O)NC1=O
CHEMBL42,CN1CCN(C2=Nc3cc(Cl)ccc3Nc3ccccc32)CC1
CHEMBL445,CNCCC=C1c2ccccc2CCc2ccccc21
CHEMBL446,Cc1cc(C)nc(NS(=O)(=O)c2ccc(N)cc2)n1
CHEMBL447,C=CCC1(C(C)CCC)C(=O)NC(=O)NC1=O
CHEMBL448,CCCC(C)C1(CC)C(=O)NC(=O)NC1=O
CHEMBL267894,CCC1(CCC(C)C)C(=O)NC(=O)NC1=O
CHEMBL7728,CN1C(=O)NC(=O)C(C)(C2=CCCCC2)C1=O
CHEMBL449,CCC(C)C1(CC)C(=O)NC(=O)NC1=O
CHEMBL7863,C=CCC1(C(C)C)C(=O)NC(=O)NC1=O
CHEMBL450,CCC1(CC)C(=O)NC(=O)N(C)C1=O
CHEMBL267719,C=CCC1(CC=C)C(=O)NC(=O)NC1=O
CHEMBL451,CNC1=Nc2ccc(Cl)cc2C(c2ccccc2)=[N+]([O-])C1
CHEMBL266349,N=C(N)c1ccc(CNC(=O)[C@@H]2CCN2C(=O)[C@H](NCC(=O)O)C2CCCCC2)cc1
CHEMBL452,O=C1CN=C(c2ccccc2Cl)c2cc([N+](=O)[O-])ccc2N1
CHEMBL453,Cc1noc(NS(=O)(=O)c2ccc(N)cc2)c1C
CHEMBL268869,COc1ccc(NS(=O)(=O)c2ccc(N)cc2)nn1
CHEMBL454,C=CCC1(CC(C)C)C(=O)NC(=O)NC1=O
CHEMBL455,CC(=O)NS(=O)(=O)c1ccc(N)cc1
CHEMBL43,COc1cc(NS(C)(=O)=O)ccc1Nc1c2ccccc2nc2ccccc12
CHEMBL7797,CC1(c2ccccc2)Cc2cc(OCC(=O)O)c(Cl)c(Cl)c2C1=O
CHEMBL429405,NC(Cc1ccc(N(CCCl)CCCl)cc1)C(=O)O
CHEMBL456,C=C(CC)C(=O)c1ccc(OCC(=O)O)c(Cl)c1Cl
CHEMBL44,O=c1c(-c2ccc(O)cc2)coc2cc(O)cc(O)c12
CHEMBL7549,CCCN1CCC[C@@H](c2cccc(O)c2)C1
CHEMBL267744,O=C(O)COc1ccc(C(=O)c2cccs2)c(Cl)c1Cl
CHEMBL7643,O=C(Nc1ccc(Cl)cc1)NS(=O)(=O)c1ccc2c(c1)CCC2
CHEMBL457,Cc1ccc(C)c(OCCCC(C)(C)C(=O)O)c1
CHEMBL45,COc1ccc2[nH]cc(CCNC(C)=O)c2c1
CHEMBL8085,NCCCC[C@H](N)C(=O)O
CHEMBL7890,COC(=O)[C@@H](N)CCCNC(=N)N[N+](=O)[O-]
CHEMBL266510,COc1ccc(Cl)cc1[C@]1(F)C(=O)Nc2cc(C(F)(F)F)ccc21
CHEMBL8184,CCCCNc1c(C(=O)OCC)cnc2c1cnn2CC
CHEMBL46,Cc1nccn1CC1CCc2c(c3ccccc3n2C)C1=O
CHEMBL8145,O=c1c(-c2ccc(O)cc2)coc2cc(O)ccc12
CHEMBL7983,CCCOC(=O)c1cc(O)c(O)c(O)c1
CHEMBL8148,CCOC(=O)c1cc(NC(=O)c2cccs2)ccc1OCC(O)CNC(C)(C)C
CHEMBL8030,Cc1cccc(Oc2cnc(=O)[nH]c2)c1
CHEMBL8412,O=C1c2ccccc2S(=O)(=O)N1CCCCN1CCN(c2ncccn2)CC1
CHEMBL49,O=C1CC2(CCCC2)CC(=O)N1CCCCN1CCN(c2ncccn2)CC1
CHEMBL8260,O=c1cc(-c2ccccc2)oc2cc(O)c(O)c(O)c12
CHEMBL50,O=c1c(O)c(-c2ccc(O)c(O)c2)oc2cc(O)cc(O)c12
CHEMBL51,O=C(c1ccc(F)cc1)C1CCN(CCn2c(=O)[nH]c3ccccc3c2=O)CC1
CHEMBL8273,O=C(O)COc1ccc(CCNS(=O)(=O)c2ccccc2)cc1
CHEMBL459,C[C@](N)(Cc1ccc(O)c(O)c1)C(=O)O
CHEMBL460,CCc1c(C)[nH]c2c1C(=O)C(CN1CCOCC1)CC2
CHEMBL53,CN1CCc2cccc3c2[C@H]1Cc1ccc(O)c(O)c1-3
CHEMBL54,O=C(CCCN1CCC(O)(c2ccc(Cl)cc2)CC1)c1ccc(F)cc1
CHEMBL8425,CC1=NN(CCOc2ccc3ccccc3c2)C(=O)C1
CHEMBL55,N=C(N)c1ccc(OCCCCCOc2ccc(C(=N)N)cc2)cc1
CHEMBL463,Nc1ccc(C(=O)NCC(=O)O)cc1
CHEMBL8514,CC(C)(C)[C@]1(O)CCN2C[C@H]3c4ccccc4CCc4cccc(c43)[C@@H]2C1
CHEMBL57,Cc1ccnc2c1NC(=O)c1cccnc1N2C1CC1
CHEMBL8706,C#CCN(C)CCCOc1ccc(Cl)cc1Cl
CHEMBL8759,N[C@@]1(C(=O)O)CC[C@H]2[C@H](C(=O)O)[C@H]21
CHEMBL58,O=C1c2c(O)ccc(O)c2C(=O)c2c(NCCNCCO)ccc(NCCNCCO)c21
CHEMBL59,NCCc1ccc(O)c(O)c1
CHEMBL267930,O=C(CCCN1CCC2(CC1)C(=O)NCN2c1ccccc1)c1ccc(F)cc1
CHEMBL267473,O=C(O)c1ccc(OCCn2ccnc2)cc1
CHEMBL267044,CCN1CCC[C@H]1CNC(=O)c1cc(S(N)(=O)=O)ccc1OC
CHEMBL8809,CCN1CCC[C@H]1CNC(=O)c1c(O)c(Cl)cc(Cl)c1OC
CHEMBL8946,CCc1cc(Cl)c(OC)c(C(=O)NC[C@@H]2CCCN2CC)c1O
CHEMBL267723,CCN1CCC[C@H]1CNC(=O)c1c(OC)ccc(I)c1O
CHEMBL267932,CN1CN(c2ccccc2)C2(CCN(CCCC(=O)c3ccc(F)cc3)CC2)C1=O
CHEMBL467,NC(=O)NO
CHEMBL61,COc1cc([C@@H]2c3cc4c(cc3[C@H](O)[C@H]3COC(=O)[C@H]23)OCO4)cc(OC)c1OC
CHEMBL63,COc1ccc(C2CNC(=O)C2)cc1OC1CCCC1
CHEMBL9298,N#Cc1ccc(C2CCCc3cncn32)cc1
CHEMBL64,NNC(=O)c1ccncc1
CHEMBL468,O=C1CCC(N2C(=O)c3ccccc3C2=O)C(=O)N1
CHEMBL469,O=C(c1ccccc1)c1ccc2n1CCC2C(=O)O
CHEMBL9509,COc1cc(C2Oc3cc([C@H]4Oc5cc(O)cc(O)c5C(=O)[C@@H]4O)ccc3OC2CO)ccc1O
CHEMBL428479,COc1ccc(C(=O)c2ccc3n2CCC3C(=O)O)cc1
CHEMBL9116,CNC(=O)ON(C(C)=O)C(=O)NC
CHEMBL9324,CC[N+](CC)(CC)CC
CHEMBL471,CC(C)NCC(O)c1ccc(NS(C)(=O)=O)cc1
CHEMBL9506,CN1C(=O)[C@@H](NC(=O)c2cc3ccccc3[nH]2)N=C(c2ccccc2)c2ccccc21
CHEMBL9419,CC(=O)Nc1cccc(O)c1
CHEMBL9514,COC(=O)Nc1nc2cc(C(=O)c3cccs3)ccc2[nH]1
CHEMBL472,COc1ccc(Cl)cc1C(=O)NCCc1ccc(S(=O)(=O)NC(=O)NC2CCCCC2)cc1
CHEMBL9225,CC[C@H](c1ccc(O)cc1)[C@@H](CC)c1ccc(O)cc1
CHEMBL473,CN(CCOc1ccc(NS(C)(=O)=O)cc1)CCc1ccc(NS(C)(=O)=O)cc1
CHEMBL417975,CC(C)CN[C@H]1CCS(=O)(=O)c2sc(S(N)(=O)=O)cc21
CHEMBL275528,c1ccc(C2(N3CCCCC3)CCCCC2)cc1
CHEMBL268254,O=C1CN=C(c2ccccc2Cl)c2cc(Cl)ccc2N1
CHEMBL476,CN(C)/N=N/c1[nH]cnc1C(N)=O
CHEMBL477,Nc1ncnc2c1ncn2[C@@H]1O[C@H](CO)[C@@H](O)[C@H]1O
CHEMBL9440,CN(Cc1ccc(S(=O)(=O)N2CCOCC2)cc1)c1ccc2c3c(cccc13)C(N)=N2
CHEMBL478,Clc1cccc(N2CCNCC2)c1
CHEMBL480,Cc1c(OCC(F)(F)F)ccnc1C[S+]([O-])c1nc2ccccc2[nH]1
CHEMBL70,CN1CC[C@]23c4c5ccc(O)c4O[C@H]2[C@@H](O)C=C[C@H]3[C@H]1C5
CHEMBL483,C[C@H](Cn1cnc2c(N)ncnc21)OCP(=O)(O)O
CHEMBL484,Nc1ncnc2c1ncn2CCOCP(=O)(O)O
CHEMBL485,COc1ccc2c3c1O[C@H]1[C@@H](O)C=C[C@H]4[C@@H](C2)N(C)CC[C@@]341
CHEMBL71,CN(C)CCCN1c2ccccc2Sc2ccc(Cl)cc21
CHEMBL72,CNCCCN1c2ccccc2CCc2ccccc21
CHEMBL488,CCC1(c2ccc(N)cc2)CCC(=O)NC1=O
CHEMBL264214,CCSc1ccnc(C[S+]([O-])c2nc3ccccc3[nH]2)c1C
CHEMBL74,O=C([O-])c1cc(=O)c2c(OCC(O)COc3cccc4oc(C(=O)[O-])cc(=O)c34)cccc2o1.[Na+].[Na+]
CHEMBL9861,[O-][S+](Cc1ccccn1)c1nc2ccccc2[nH]1
CHEMBL76,CCN(CC)CCCC(C)Nc1ccnc2cc(Cl)ccc12
CHEMBL490,Fc1ccc([C@@H]2CCNC[C@H]2COc2ccc3c(c2)OCO3)cc1
CHEMBL77,C[C@@H]1CC[C@H]2[C@@H](C)C(=O)O[C@@H]3O[C@]4(C)CC[C@@H]1C32OO4
CHEMBL416146,Cc1ccc(-c2ncc(Cl)cc2-c2ccc(S(C)(=O)=O)cc2)cn1
CHEMBL10085,CC(C)Oc1ccccc1N1CCN(Cc2cccc(C(=O)N3CCCCC3)c2)CC1
CHEMBL79,CCN(CC)CC(=O)Nc1c(C)cccc1C
CHEMBL9967,CN1CCN(CC(=O)N2c3ccccc3C(=O)Nc3cccnc32)CC1
CHEMBL10316,c1ccc2c(c1)OCC(C1=NCCN1)O2
CHEMBL491,CC(C)(O)C(=O)Nc1ccc([N+](=O)[O-])c(C(F)(F)F)c1
CHEMBL10272,O=C1CCC(c2ccccc2)(C2CCN(Cc3ccccc3)CC2)C(=O)N1
CHEMBL492,CCCN(CC)C(CC)C(=O)Nc1c(C)cccc1C
CHEMBL80,C=CCN1CC[C@]23c4c5ccc(O)c4O[C@H]2C(=O)CC[C@@]3(O)[C@H]1C5
CHEMBL269671,C[C@@H]1CC[C@H]2[C@@H](C)C(=O)O[C@@H]3O[C@@]4(C)CC[C@@H]1[C@]32OO4
CHEMBL273264,N=C(N)Nc1ccc(C(=O)Oc2ccc3cc(C(=N)N)ccc3c2)cc1
CHEMBL274070,CC[C@@]1(O)C(=O)OCc2c1cc1n(c2=O)Cc2cc3c(N)cccc3nc2-1
CHEMBL269455,O=C1NC(=O)C2(N1)c1cc(F)ccc1-c1ccc(F)cc12
CHEMBL10445,CCN(CC)CCNC(=O)c1cc(Cl)c(NC(=O)COc2ccc(Cl)cc2)cc1OC
CHEMBL273862,CC[C@@]1(O)C(=O)OCc2c1cc1n(c2=O)Cc2cc3cc(O)ccc3nc2-1
CHEMBL10413,O=C(O)Cn1c(=O)n(Cc2ccc(Br)cc2F)c(=O)c2ccc(Cl)cc21
CHEMBL494,CC#CCC(C)[C@H](O)/C=C/[C@@H]1[C@H]2C/C(=C/CCCC(=O)O)C[C@H]2C[C@H]1O
CHEMBL84,CC[C@@]1(O)C(=O)OCc2c1cc1n(c2=O)Cc2cc3c(CN(C)C)c(O)ccc3nc2-1
CHEMBL10372,O=C(O)Cc1nn(Cc2nc3cc(C(F)(F)F)ccc3s2)c(=O)c2ccccc12
CHEMBL273910,O=C1CC2(C(=O)N1)C(=O)N(Cc1ccc(Br)cc1F)C(=O)c1ccc(F)cc12
CHEMBL85,Cc1nc2n(c(=O)c1CCN1CCC(c3noc4cc(F)ccc34)CC1)CCCC2
CHEMBL10758,c1ccc2c(c1)cc1n2CCCNC1
CHEMBL428880,O=C(O)c1cc(=O)c2c(OCC(O)COc3cccc4oc(C(=O)O)cc(=O)c34)cccc2o1
CHEMBL86,CCN(CC)CCNC(=O)c1cc(Cl)c(N)cc1OC
CHEMBL10634,Cc1ccc2c(c1)CC(=O)c1cc(C(C)C(=O)O)ccc1O2
CHEMBL415247,CC(C)[C@@H](CN1CC[C@@](C)(c2cccc(O)c2)[C@@H](C)C1)NC(=O)[C@H]1Cc2ccc(O)cc2CN1
CHEMBL495,CCCCC[C@H](O)/C=C/[C@H]1[C@H](O)CC(=O)[C@@H]1CCCCCCC(=O)O
CHEMBL497,Oc1c(I)cc(Cl)c2cccnc12
CHEMBL10878,COc1ccc2cccc(CCNC(C)=O)c2c1
CHEMBL88,O=P1(N(CCCl)CCCl)NCCCO1
CHEMBL498,CCCNC(=O)NS(=O)(=O)c1ccc(Cl)cc1
CHEMBL499,CC(C)(C)NC[C@H](O)COc1nsnc1N1CCOCC1
CHEMBL500,CC(C)NCC(O)COc1cccc2[nH]ccc12
CHEMBL11252,Cn1cc(NC(=O)c2cc(NC(=O)c3cc(NC=O)cn3C)cn2C)cc1C(=O)NCCC(=N)N
CHEMBL276832,NNc1nncc2ccccc12
CHEMBL11672,CN(C(=O)c1c(O)c2ccccc2n(C)c1=O)c1ccccc1
CHEMBL501,CC(N)Cc1ccccc1.O=S(=O)(O)O
CHEMBL90,NCCc1c[nH]cn1
CHEMBL275739,Cc1ccc(C)n1Nc1ccc(N2CCOCC2)nn1
CHEMBL11608,NCCc1ccc(O)cc1
CHEMBL273124,COc1nc(C(Cl)(Cl)Cl)c(Cl)c(OC)c1Cl
CHEMBL93,CC(c1cc2ccccc2s1)N(O)C(N)=O
CHEMBL94,CNC(=O)Oc1ccc2c(c1)[C@]1(C)CCN(C)[C@@H]1N2C
CHEMBL274323,N[C@@H](CC(=O)O)C(=O)O
CHEMBL95,Nc1c2c(nc3ccccc13)CCCC2
CHEMBL502,COc1cc2c(cc1OC)C(=O)C(CC1CCN(Cc3ccccc3)CC1)C2
CHEMBL11298,N[C@@H](CO)C(=O)O
CHEMBL12089,COc1ccc2cc3[n+](cc2c1OC)CCc1cc2c(cc1-3)OCO2.[Cl-]
CHEMBL503,CC[C@H](C)C(=O)O[C@H]1C[C@@H](C)C=C2C=C[C@H](C)[C@H](CC[C@@H]3C[C@@H](O)CC(=O)O3)[C@H]21
CHEMBL12213,CN1c2c([nH]c(N)nc2=O)NCC1CCNc1ccc(C(=O)N[C@@H](CCC(=O)O)C(=O)O)cc1
CHEMBL11662,O=C(O)/C=C/c1ccc(Cn2ccnc2)cc1
CHEMBL267770,Cc1ccc(S(=O)(=O)C(CC#Cc2ccc(Cl)cc2)C(=O)O)cc1
CHEMBL12610,CN(C)CCCOc1nn(Cc2ccccc2)c2ccccc12
CHEMBL269644,CC(=O)Nc1ccccc1
CHEMBL12420,CN(C)CCc1c[nH]c2ccccc12
CHEMBL504,C[S+](C)[O-]
CHEMBL275742,CC(C)NC[C@@H](O)COc1cccc2ccccc12
CHEMBL12543,CN1CCCC1=O
CHEMBL12806,CNC(=O)NS(=O)(=O)c1ccc(CCNC(=O)c2cc(Cl)ccc2OC)cc1
CHEMBL275758,CC1(C)Oc2ccc(S(=O)(=O)c3ccccc3)cc2[C@@H](N2CCCC2=O)[C@@H]1O
CHEMBL505,CN(C)CCC(c1ccc(Cl)cc1)c1ccccn1
CHEMBL12531,CNC(=S)NS(=O)(=O)c1cc(CCNC(=O)c2cc(Cl)ccc2OC)ccc1OC
CHEMBL506,COc1cc(NC(C)CCCN)c2ncccc2c1
CHEMBL273386,O=[N+]([O-])c1ccc(O)c([N+](=O)[O-])c1
CHEMBL12552,CC1(C)C=C(n2ccccc2=O)c2cc(C#N)ccc2O1
CHEMBL12318,O=P(O)(O)C(Cl)(Cl)P(=O)(O)O
CHEMBL12394,CCCCCCCCCCCCCCC1(C(=O)O)CO1
CHEMBL275803,Cc1nc[nH]c1CSCCNC(=N)N[C@H](C)Cc1c[nH]cn1
CHEMBL509,Cc1ccc(Cl)c(Nc2ccccc2C(=O)O)c1Cl
CHEMBL12208,Cc1cc(=O)oc2cc(O)ccc12
CHEMBL12608,Cc1[nH]cnc1CSCCNC(=N)NCCCc1c[nH]cn1
CHEMBL269646,C/N=C(/NC#N)NCCSCc1csc(NC(=N)N)n1
CHEMBL276443,CCNC(C)Cc1ccccc1
CHEMBL275446,CNC(=S)NCCSCc1[nH]cnc1C
CHEMBL511,COc1ccc(CN(CCN(C)C)c2ccccn2)cc1
CHEMBL12713,O=C1NCCN1CCN1CCC(c2cn(-c3ccc(F)cc3)c3ccc(Cl)cc23)CC1
CHEMBL513,O=NN(CCCl)C(=O)NCCCl
CHEMBL12948,CC1CCC(NC(=O)N(CCCl)N=O)CC1
CHEMBL514,O=NN(CCCl)C(=O)NC1CCCCC1
CHEMBL96,NCCCC(=O)O
CHEMBL12314,CN1C[C@@H](NS(=O)(=O)N(C)C)C[C@@H]2c3cccc4c3c(cn4C)C[C@H]21
CHEMBL275707,C[C@@H]1CN(CCCn2c3ccccc3c3ccccc32)C[C@H](C)N1
CHEMBL515,O=C(O)CCCc1ccc(N(CCCl)CCCl)cc1
CHEMBL516,CN1CCC(=C2c3ccccc3C=Cc3ccccc32)CC1
CHEMBL12856,Nc1cc(-c2ccncc2)c[nH]c1=O
CHEMBL517,CC(C)N(CCC(C(N)=O)(c1ccccc1)c1ccccn1)C(C)C
CHEMBL417799,C[n+]1cc2c3c(ccc2c2ccc4cc5c(cc4c21)OCO5)OCO3
CHEMBL273453,C[C@]12CCC(=O)C=C1CC[C@@H]1[C@@H]2[C@@H](O)C[C@]2(C=O)[C@@H](C(=O)CO)CC[C@@H]12
CHEMBL12831,O=C1CCC(c2ccc(-n3ccnc3)cc2)=NN1
CHEMBL98,O=C(CCCCCCC(=O)Nc1ccccc1)NO
CHEMBL267648,CCn1cc(C(=O)O)c(=O)c2cc(F)c(N3CCN(C)CC3)cc21
CHEMBL99,CC(/C=C/C(=O)NO)=C\[C@@H](C)C(=O)c1ccc(N(C)C)cc1
CHEMBL276177,CC(C)N(CCC(CCN1CCCCC1)(C(N)=O)c1ccccc1Cl)C(C)C
CHEMBL13178,COc1ccc(C(=O)c2c(C)n(CCN3CCOCC3)c3ccccc23)cc1
CHEMBL275040,C=C(C)[C@H]1CN[C@H](C(=O)O)[C@H]1CC(=O)O
CHEMBL521,CC(C)Cc1ccc(C(C)C(=O)O)cc1
CHEMBL13376,COc1ccc2c(C(=O)c3ccc(Cl)cc3)c(C)n(CC(=O)O)c2c1
CHEMBL13341,CN1C(=O)CN=C(c2ccccc2)c2cc([N+](=O)[O-])ccc21
CHEMBL13280,CN1C(=O)CN=C(c2ccccc2F)c2cc([N+](=O)[O-])ccc21
CHEMBL13209,O=C1CN=C(c2ccccc2)c2cc([N+](=O)[O-])ccc2N1
CHEMBL523,O=C1CN=C(c2ccccc2)c2cc(Cl)ccc2N1
CHEMBL13291,CN1C(=O)CN=C(c2ccccc2F)c2cc(Cl)ccc21
CHEMBL524,COc1ccc(OC)c(C(O)C(C)N)c1
CHEMBL526,CC(C)c1cccc(C(C)C)c1O
CHEMBL527,CN1C(C(=O)Nc2ccccn2)=C(O)c2ccccc2S1(=O)=O
CHEMBL528,CO/N=C(\C(=O)N[C@@H]1C(=O)N2C(C(=O)O)=CCS[C@H]12)c1csc(N)n1
CHEMBL273481,NCc1cc(O)no1
CHEMBL13324,O=C(O)c1cn2c(cnc3ccccc32)n1
CHEMBL275459,C/N=C(/S)[C@]1(c2cccnc2)CCCC[S@@+]1[O-]
CHEMBL100,CC1(C)Oc2ccc(C#N)cc2[C@@H](N2CCCC2=O)[C@@H]1O
CHEMBL101,CCCCC1C(=O)N(c2ccccc2)N(c2ccccc2)C1=O
CHEMBL268501,Cc1ccc2c(-c3ccccc3)nc(=O)n(C(C)C)c2c1
CHEMBL530,CC1(C)S[C@@H]2[C@H](/N=C/N3CCCCCC3)C(=O)N2[C@H]1C(=O)O
CHEMBL531,CCCN1C[C@H](CSC)C[C@@H]2c3cccc4[nH]cc(c34)C[C@H]21
CHEMBL269446,CCN(CCCCCC(C)(C)F)CCC[C@H](O)c1ccc(NS(C)(=O)=O)cc1
CHEMBL533,CCCCCCCN(CC)CCCC(O)c1ccc(NS(C)(=O)=O)cc1
CHEMBL103,CC(=O)[C@H]1CC[C@H]2[C@@H]3CCC4=CC(=O)CC[C@]4(C)[C@H]3CC[C@]12C
CHEMBL14012,CC(C)c1ccccc1OCC1=NCCN1
CHEMBL13828,O=c1[nH]c2ccccc2n1CCCN1CCN(C(c2ccccc2)c2ccccc2)CC1
CHEMBL276711,Cc1cc(C)c(/C=C2\C(=O)Nc3ccccc32)[nH]1
CHEMBL274654,Cc1[nH]c(/C=C2\C(=O)Nc3ccccc32)c(C)c1CCC(=O)O
CHEMBL13608,Cc1[nH]c(/C=C2\C(=O)Nc3ccc(F)cc32)c(C)c1C(=O)NCCN1CCCC1
CHEMBL534,CN1CCC(=C2c3ccccc3CC(=O)c3sccc32)CC1
CHEMBL13852,c1ccc(C2CC2)c(OCC2=NCCN2)c1
CHEMBL535,CCN(CC)CCNC(=O)c1c(C)[nH]c(/C=C2\C(=O)Nc3ccc(F)cc32)c1C
CHEMBL13878,C#CCCCC(=O)c1cc(C(C)(C)C)c(O)c(C(C)(C)C)c1
CHEMBL13881,c1ccc(NCC2=NCCN2)cc1
CHEMBL537,Oc1ccc(O)cc1
CHEMBL539,CC(=O)O
CHEMBL13960,O=C(O)C(Cl)Cl
CHEMBL13589,Nc1ncnc(Nc2ccccc2)n1
CHEMBL14053,O=C(O)C(Cl)(Cl)Cl
CHEMBL14227,CCCC(=O)O
CHEMBL14021,CCC(=O)O
CHEMBL14060,Oc1ccccc1
CHEMBL544,COc1ccc(O)cc1
CHEMBL13766,COc1ccccc1O
CHEMBL13779,COC(=O)N/N=C/c1c[n+]([O-])c2ccccc2[n+]1[O-]
CHEMBL105,CO[C@@]12[C@H](COC(N)=O)C3=C(C(=O)C(C)=C(N)C3=O)N1C[C@@H]1N[C@@H]12
CHEMBL545,CCO
CHEMBL546,C=CCOc1ccccc1OCC(O)CNC(C)C
CHEMBL106,OC(Cn1cncn1)(Cn1cncn1)c1ccc(F)cc1F
CHEMBL14376,COc1cc(C(C)=O)ccc1OCCCN1CCC(c2noc3cc(F)ccc23)CC1
CHEMBL14577,C[n+]1ccccc1C=NO.[I-]
CHEMBL548,CCCCC[C@H](O)/C=C/[C@H]1[C@H](O)CC(=O)[C@@H]1C/C=C\CCCC(=O)O
CHEMBL278020,CN(C)C(=O)Oc1cccc([N+](C)(C)C)c1
CHEMBL14429,CCC(=O)O[C@@]1(c2ccccc2)CCN(C)C[C@@H]1C
CHEMBL14762,CC[C@H](CO)Nc1nc(NCc2ccccc2)c2ncn(C(C)C)c2n1
CHEMBL14370,CCOc1ccccc1OC(c1ccccc1)C1CNCCO1
CHEMBL428690,CN1CC[C@H](c2c(O)cc(O)c3c(=O)cc(-c4ccccc4Cl)oc23)[C@H](O)C1
CHEMBL549,CN(C)CCCC1(c2ccc(F)cc2)OCc2cc(C#N)ccc21
CHEMBL550,CC[C@@H]1C(=O)OC[C@@H]1Cc1cncn1C
CHEMBL107,COc1cc2c(c(OC)c1OC)-c1ccc(OC)c(=O)cc1[C@@H](NC(C)=O)CC2
CHEMBL274239,O=C(Cn1c(=O)sc2ccc(Cl)cc21)N1CCN(CCO)CC1
CHEMBL14935,O=C(O)[C@@H]1C[C@H]2C[C@@H](CCc3nn[nH]n3)CC[C@H]2CN1
CHEMBL553,C#Cc1cccc(Nc2ncnc3cc(OCCOC)c(OCCOC)cc23)c1
CHEMBL273786,Cc1cc2c(s1)Nc1ccc(F)cc1N=C2N1CCN(C)CC1
CHEMBL277382,CC(C)N1CCC(c2ccccc2)(c2ccccc2)CC1
CHEMBL15023,O=C(CCCN1CCC(O)(c2cccc(C(F)(F)F)c2)CC1)c1ccc(F)cc1
CHEMBL279867,CC(C)n1c(=O)c2c(-c3noc(C4CC4)n3)ncn2c2ccccc21
CHEMBL274047,O=C1[C@@H]2[C@H]3CC[C@H](C3)[C@@H]2C(=O)N1CCCCN1CCN(c2ncccn2)CC1
CHEMBL407641,CNc1nc(Cl)c(SC)c(N2CCN(C)CC2)n1
CHEMBL108,NC(=O)N1c2ccccc2C=Cc2ccccc21
CHEMBL15245,COC(=O)[C@@H]1[C@H]2C[C@H]3c4[nH]c5ccccc5c4CCN3C[C@@H]2CC[C@@H]1O
CHEMBL109,CCCC(CCC)C(=O)O
CHEMBL277100,CC1CN(c2cc3c(cc2F)c(=O)c(C(=O)O)cn3-c2ccc(F)cc2F)CCN1
CHEMBL273348,NC1CCN(c2nc3c(cc2F)c(=O)c(C(=O)O)cn3-c2ccc(F)cc2F)C1
CHEMBL278255,NC1CCN(c2c(F)cc3c(=O)c(C(=O)O)cn(C4CC4)c3c2Cl)C1
CHEMBL15511,CCN1CCN(c2cc3c(cc2F)c(=O)c(C(=O)O)cn3C2CC2)CC1
CHEMBL15192,CC1(C)CCC2=C(O1)c1ccccc1C(=O)C2=O
CHEMBL110,O=C(Cn1ccnc1[N+](=O)[O-])NCc1ccccc1
CHEMBL558,Cc1cccc(C)c1OCC(C)N
CHEMBL15413,CO[C@@]1(NC(=O)CSC(F)F)C(=O)N2C(C(=O)O)=C(CSc3nnnn3CCO)CO[C@@H]21
CHEMBL273575,CN1Cc2c(N)cccc2C(c2ccccc2)C1
CHEMBL16225,c1cc[nH]c1
CHEMBL561,CCn1cc(C(=O)O)c(=O)c2cc(F)c(N3CCNC(C)C3)c(F)c21
CHEMBL562,COC1=CC(=O)C[C@@H](C)[C@]12Oc1c(Cl)c(OC)cc(OC)c1C2=O
CHEMBL563,CC(C(=O)O)c1ccc(-c2ccccc2)c(F)c1
CHEMBL15562,c1cncnc1
CHEMBL15797,c1cnccn1
CHEMBL564,CN(C)CCCN1c2ccccc2Sc2ccccc21
CHEMBL565,CCOC(=O)C(C)(C)Oc1ccc(Cl)cc1
CHEMBL278488,CC1(c2ccccc2)OC(C(=O)O)=CC1=O
CHEMBL566,O=c1cc[nH]c(=O)[nH]1
CHEMBL112,CC(=O)Nc1ccc(O)cc1
CHEMBL277522,O=C(O)CCC(=O)c1ccc(-c2ccccc2)cc1
CHEMBL279157,CNC(C)C(O)c1ccccc1
CHEMBL113,Cn1c(=O)c2c(ncn2C)n(C)c1=O
CHEMBL16073,CCOc1ccc(NC(C)=O)cc1
CHEMBL567,OCCN1CCN(CCCN2c3ccccc3Sc3ccc(Cl)cc32)CC1
CHEMBL568,O=C1Nc2ccc(Cl)cc2C(c2ccccc2)=NC1O
CHEMBL15770,CC1=C(CC(=O)O)c2cc(F)ccc2/C1=C\c1ccc([S+](C)[O-])cc1
CHEMBL15677,O=C(O)Cc1ccccc1Oc1ccc(Cl)cc1Cl
CHEMBL15768,CC12CCC(CC1=O)C2(C)C
CHEMBL15913,Nc1cc[nH]c(=O)n1
CHEMBL16332,C[C@H](CS)C(=O)N1C[C@@H](Sc2ccccc2)C[C@H]1C(=O)O
CHEMBL276520,c1ccc2c(CCC3CCNCC3)c[nH]c2c1
CHEMBL569,CCN(CC)CCOC(=O)c1ccc(N)cc1
CHEMBL571,CC(C(=O)O)c1cccc(C(=O)c2ccccc2)c1
CHEMBL572,O=C1CN(/N=C/c2ccc([N+](=O)[O-])o2)C(=O)N1
CHEMBL15870,CC(C(=O)O)c1ccc(N2Cc3ccccc3C2=O)cc1
CHEMBL15980,C1CCCCC1
CHEMBL15891,Cl[C@H]1[C@H](Cl)[C@@H](Cl)[C@@H](Cl)[C@H](Cl)[C@H]1Cl
CHEMBL573,O=C(O)c1cccnc1
CHEMBL574,Cc1ccc(S(N)(=O)=O)cc1
CHEMBL575,COc1cccc(OC)c1C(=O)N[C@@H]1C(=O)N2[C@@H]1SC(C)(C)[C@@H]2C(=O)O
CHEMBL15721,O=[N+]([O-])c1ccc(/C=N/O)o1
CHEMBL16080,CC(Cl)(Cl)Cl
CHEMBL278172,CCOC(=O)c1ccc(N)cc1
CHEMBL576,O=C(O)CCC(=O)O
CHEMBL577,C[C@H](N[C@@H](CCc1ccccc1)C(=O)O)C(=O)N1CCC[C@H]1C(=O)O
CHEMBL16293,c1ccc2ccccc2c1
CHEMBL9113,Cc1ccccc1
CHEMBL578,CCOC(=O)[C@H](CCc1ccccc1)N[C@@H](C)C(=O)N1CCC[C@H]1C(=O)O
CHEMBL579,C[C@H](N[C@@H](CCc1ccccc1)C(=O)O)C(=O)N1CC2(C[C@H]1C(=O)O)SCCS2
CHEMBL580,O=C1Nc2ccc(Cl)cc2C(c2ccccc2Cl)=NC1O
CHEMBL277062,O=C1CN=C(c2ccccn2)c2cc(Br)ccc2N1
CHEMBL581,O=C(O)[C@@H]1C[C@@H](C2CCCCC2)CN1C(=O)CP(=O)(O)CCCCc1ccccc1
CHEMBL279816,ClC=C(Cl)Cl
CHEMBL582,CC(C)O
CHEMBL16264,CCOCC
CHEMBL275835,CC(C)(C)c1cc(/C=C2\SC(=N)NC2=O)cc(C(C)(C)C)c1O
CHEMBL583,Cc1c(F)c(N2CCNC(C)C2)cc2c1c(=O)c(C(=O)O)cn2C1CC1
CHEMBL16134,CCOC(=O)C(=O)Nc1nc(-c2ccc(OC)cc2)cs1
CHEMBL585,Nc1nc(N)c2nc(-c3ccccc3)c(N)nc2n1
CHEMBL16699,Cc1c2cc[n+](C)cc2c(C)c2c1[nH]c1ccc(O)cc12
CHEMBL275638,O=c1cc(-c2ccccc2)oc2ccccc12
CHEMBL16476,CC(C)NCC(O)c1ccc2ccccc2c1
CHEMBL17205,COc1cc(/C=C2\CCC/C(=C\c3ccc(O)c(OC)c3)C2=O)ccc1O
CHEMBL16503,O=C(O)CCCCCCCNC(=O)c1ccccc1O
CHEMBL118,Cc1ccc(-c2cc(C(F)(F)F)nn2-c2ccc(S(N)(=O)=O)cc2)cc1
CHEMBL17289,N#CN=C(NCCCCCCOc1ccc(Cl)cc1)Nc1ccncc1
CHEMBL17045,CCN(CC)CC1CCCCN1CC(=O)N1c2ccccc2C(=O)Nc2cccnc21
CHEMBL17377,C[C@@](O)(/C=C/[C@H]1CC=CC(=O)O1)[C@@H](C[C@@H](O)/C=C\C=C/C=C/CO)OP(=O)(O)O
CHEMBL17313,CCOC(=O)C[C@H](NC(=O)CN1C(=O)N[C@@](C)(c2ccc(C(=N)N)cc2)C1=O)c1ccccc1
CHEMBL17125,Cc1nc(=O)c(C#N)c(NCc2cccnc2)[nH]1
CHEMBL17423,COc1ccc(C(=O)N2CCN(c3ccc4c(c3)CCC(=O)N4)CC2)cc1OC
CHEMBL119,COc1cc(NCc2ccc3nc(N)nc(N)c3c2C)cc(OC)c1OC
CHEMBL277775,c1ccc(C2CN3CCSC3=N2)cc1
CHEMBL430150,COc1ccc(-c2nc(C(F)(F)F)[nH]c2-c2ccc(OC)cc2)cc1
CHEMBL588,Oc1ccc(C2CNCCc3c2cc(O)c(O)c3Cl)cc1
CHEMBL589,CCCN(CCC)CCc1cccc2c1CC(=O)N2
CHEMBL17344,O=S(=O)(Nc1cccc(OCc2ccc3ccccc3n2)c1)C(F)(F)F
CHEMBL590,CC1=CC(=O)c2ccccc2C1=O
CHEMBL591,C#CC(O)(/C=C/Cl)CC
CHEMBL592,CN1CC[C@]23CCCC[C@H]2[C@H]1Cc1ccc(O)cc13
CHEMBL593,CC(C)Nc1cccnc1N1CCN(C(=O)c2cc3cc(NS(C)(=O)=O)ccc3[nH]2)CC1
CHEMBL594,CCOCCn1c(N2CCCN(C)CC2)nc2ccccc21
CHEMBL17669,O=C1NC(=O)C(Cc2ccc3c(c2)CC[C@H](Cc2ccccc2)O3)S1
CHEMBL595,CCc1ccc(CCOc2ccc(CC3SC(=O)NC3=O)cc2)nc1
CHEMBL17350,C[C@@H]([C@@H](O)c1ccc(O)cc1)N1CCC(O)(c2ccccc2)CC1
CHEMBL17962,N[C@@H](Cc1c[nH]cn1)C(=O)O
CHEMBL596,CCC(=O)N(c1ccccc1)C1CCN(CCc2ccccc2)CC1
CHEMBL121,CN(CCOc1ccc(CC2SC(=O)NC2=O)cc1)c1ccccn1
CHEMBL279597,C[C@H](N)C(=O)O
CHEMBL17860,CC(Oc1c(Cl)cccc1Cl)C1=NCCN1
CHEMBL597,Cc1ccc(N(CC2=NCCN2)c2cccc(O)c2)cc1
CHEMBL18116,Cc1cccc(N2CC(CO)OC2=O)c1
CHEMBL18144,COc1ccc(-c2nc(S(C)(=O)=O)[nH]c2-c2ccc(OC)cc2)cc1
CHEMBL18041,COc1cc(N)c(Cl)cc1C(=O)NC1CN2CCC1CC2
CHEMBL599,Cc1cnc(NC(=O)C2=C(O)c3ccccc3S(=O)(=O)N2C)s1
CHEMBL18197,CC(C)(CC(=O)O)Cc1nc2cc(Cl)cnc2n1Cc1ccc(Cl)cc1
CHEMBL600,CC(=O)N[C@@H](CS)C(=O)O
CHEMBL18647,O=S(=O)(c1nc(-c2ccc(F)cc2)c(-c2ccc(F)cc2)[nH]1)C(F)(F)C(F)F
CHEMBL601,NCC(=O)CCC(=O)O
CHEMBL18301,CCCCOC(=O)N[C@@H](CNC(=O)C[C@H]1CC(c2ccc(C(=N)N)cc2)=NO1)C(=O)OC
CHEMBL602,NCCS
CHEMBL18098,CC(=O)c1ccc2c(c1)C(=O)C1(CC1)O2
CHEMBL18772,c1ccc2nc(N3CCNCC3)ccc2c1
CHEMBL18331,Cc1nc2ccccn2c(=O)c1CCN1CCC(C(=O)c2ccc(F)cc2)CC1
CHEMBL18901,Cc1cc(C)cc(NC(=O)Cc2ccc(OC(C)(C)C(=O)O)cc2)c1
CHEMBL19019,O=C1CC[C@@]2(O)[C@H]3Cc4ccc(O)c5c4[C@@]2(CCN3CC2CC2)[C@H]1O5
CHEMBL276568,C/C=C/C1=C(C(=O)O)N2C(=O)[C@@H](NC(=O)[C@H](N)c3ccc(O)cc3)[C@H]2SC1
CHEMBL122,CS(=O)(=O)c1ccc(C2=C(c3ccccc3)C(=O)OC2)cc1
CHEMBL19236,COc1nc(C)nc(Cl)c1NC1=NCCN1
CHEMBL19224,COc1ccc(Cc2nccc3cc(OC)c(OC)cc23)cc1OC
CHEMBL19004,Cc1c(C)c2ccc(OCc3nnc(C(C)C)s3)cc2oc1=O
CHEMBL18531,CC1(C)CN2C(=O)c3[nH]cnc3N(Cc3ccc(Cl)cc3)C2=N1
CHEMBL18504,CCS(=O)(=O)Oc1ccc2c(C)c(C)c(=O)oc2c1
CHEMBL605,CCN(CC)CCNC(=O)c1ccc(N)cc1.Cl
CHEMBL279390,NCCNC(=O)c1ccc(Cl)cn1
CHEMBL18786,CN(C)CCCSc1ccccc1NC(=O)/C=C/c1ccccc1
CHEMBL19215,CN1C[C@H](CNC(=O)OCc2ccccc2)C[C@@H]2c3cccc4c3c(cn4C)C[C@H]21
CHEMBL606,CCCCC(C)(O)C/C=C/[C@H]1[C@H](O)CC(=O)[C@@H]1CCCCCCC(=O)OC
CHEMBL278623,CC(C)(N)C(=O)N[C@H](Cc1c[nH]c2ccccc12)C(=O)N[C@H](Cc1c[nH]c2ccccc12)NC=O
CHEMBL278462,CC(C)(C)CCC#C[C@@H]1C[C@H]1c1c[nH]cn1
CHEMBL279960,Cc1nc2ccccc2c(=O)n1-c1ccccc1Cl
CHEMBL18972,OC(c1ccccc1)C1CCN(CCc2ccccc2)CC1
CHEMBL607,CCOC(=O)C1(c2ccccc2)CCN(C)CC1
CHEMBL282052,Cc1ccccc1-n1c(C)nc2ccccc2c1=O
CHEMBL19299,CC(C(=O)O)c1ccc(CC2CCCC2=O)cc1
CHEMBL19344,Oc1ccc(CC2NCCc3cc(O)c(O)cc32)cc1
CHEMBL609,NCCNCCNCCN
CHEMBL19892,O=c1[nH]c2cc(C(F)(F)F)c(N3CCOCC3)cc2n(CP(=O)(O)O)c1=O
CHEMBL19490,Cc1cc(CC(=O)O)n(C)c1C(=O)c1ccc(Cl)cc1
CHEMBL611,COc1cc2nc(N3CCN(C(=O)C4CCCO4)CC3)nc(N)c2cc1OC
CHEMBL19633,COc1ccc(Cc2cnc(N)nc2N)cc1OC
CHEMBL19393,C[C@@H](N)Cc1ccccc1
CHEMBL612,C[C@H](N)Cc1ccccc1
CHEMBL282724,Cc1cc2c(cc1CC(=O)c1sccc1S(=O)(=O)Nc1onc(C)c1Cl)OCO2
CHEMBL279786,CNC(=O)[C@H](Cc1ccccc1)NC(=O)[C@H](CC(C)C)[C@H](CSc1cccs1)C(=O)NO
CHEMBL279785,CNC(=O)[C@@H](NC(=O)[C@H](CC(C)C)[C@H](O)C(=O)NO)C(C)(C)C
CHEMBL279085,C=CCN1CCc2nc(N)sc2CC1
CHEMBL19611,CNC(=O)[C@H](Cc1c[nH]c2ccccc12)NC(=O)[C@@H](CC(=O)NO)CC(C)C
CHEMBL614,NC(=O)c1cnccn1
CHEMBL19612,NCCCCNCCCN
CHEMBL19449,CC(C)C(=O)c1c(C(C)C)nn2ccccc12
CHEMBL428676,CN(C)CCN1C(=O)c2cccc3cc(N)cc(c23)C1=O
CHEMBL20684,COc1ccc(S(=O)(=O)Nc2cccnc2Nc2ccc(O)cc2)cc1
CHEMBL20803,CN1CCC23CCCCC2C1Cc1ccc(O)cc13
CHEMBL278581,C=CCN(C1=NCCN1)c1c(Cl)cccc1Cl
CHEMBL20634,CN1C(C(=O)Nc2nccs2)=C(O)c2ccccc2S1(=O)=O
CHEMBL280164,Cc1nnc2n1-c1sc(CCC(=O)N3CCOCC3)cc1C(c1ccccc1Cl)=NC2
CHEMBL20883,O=c1[nH]c(=O)n(C2CCCO2)cc1F
CHEMBL20489,N=C(N)NCCC(=O)O
CHEMBL281164,CCc1c(OC)nc2nc(C(=O)c3ccccc3)cn2c1C
CHEMBL615,CC1(C)S[C@@H]2[C@H](NC(=O)COc3ccccc3)C(=O)N2[C@H]1C(=O)O
CHEMBL617,CC(=O)OCC1=C(C(=O)O)N2C(=O)[C@@H](NC(=O)Cc3cccs3)[C@H]2SC1
CHEMBL283800,CN(CC(=O)O)C(=N)N
CHEMBL20734,CNc1cc(OC)c(C(=O)NC2CCN(Cc3ccccc3)C2C)cc1Cl
CHEMBL277465,CCCCn1c(=O)c2c(ncn2CC(C)=O)n(CCCC)c1=O
CHEMBL20679,CCC(=O)N(c1ccc(Cl)c(Cl)c1)C1CCCC1N(C)C
CHEMBL277945,CCN1CCCC1CNC(=O)c1cc(S(=O)(=O)CC)ccc1OC
CHEMBL279898,CCCn1c(=O)[nH]c(=O)c2nc[nH]c21
CHEMBL126,CC(=O)NC[C@H]1CN(c2ccc(N3CCOCC3)c(F)c2)C(=O)O1
CHEMBL620,C[N+]12CCC(CC1)C(OC(=O)C(O)(c1ccccc1)c1ccccc1)C2
CHEMBL127,C[C@@H](O)[C@H]1C(=O)N2C(C(=O)O)=C(S[C@@H]3CN[C@H](C(=O)N(C)C)C3)[C@H](C)[C@H]12
CHEMBL621,O=c1n(CCCN2CCN(c3cccc(Cl)c3)CC2)nc2ccccn12
CHEMBL622,CCc1cccc2c3c([nH]c12)C(CC)(CC(=O)O)OCC3
CHEMBL22108,CC(C1=C(CCN(C)C)Cc2ccccc21)c1ccccn1
CHEMBL21333,O=C(Nc1cccc2c(=O)cc(-c3nnn[nH]3)oc12)c1ccc(OCCCCc2ccccc2)cc1
CHEMBL623,CCc1nn(CCCN2CCN(c3cccc(Cl)c3)CC2)c(=O)n1CCOc1ccccc1
CHEMBL625,c1ccc2[nH]c(-c3cscn3)nc2c1
CHEMBL21536,CCCCCCOc1nsnc1C1=CCCN(C)C1
CHEMBL626,CN(C/C=C/c1ccccc1)Cc1cccc2ccccc12
CHEMBL20835,CC(=O)OC1CN2CCC1CC2
CHEMBL279014,CCN(CC)CCNc1ccc(C)c2sc3ccccc3c(=O)c12
CHEMBL280685,CCOC(=O)NP(=O)(N1CC1(C)C)N1CC1(C)C
CHEMBL22077,CCN(CC)CCNc1ccc(CO)c2sc3ccccc3c(=O)c12
CHEMBL277474,Cc1cc(=O)n(-c2ccccc2)n1C
CHEMBL627,C[N+](C)([O-])CCC=C1c2ccccc2CCc2ccccc21
CHEMBL281398,CC(C)(C)N/C(=N\C#N)Nc1cccc(/C(=C\CCCC(=O)O)c2cccnc2)c1
CHEMBL279676,c1csc(C2(N3CCCCC3)CCCCC2)c1
CHEMBL22097,CN1C(=O)C(O)N=C(c2ccccc2Cl)c2cc(Cl)ccc21
CHEMBL628,CC(=O)CCCCn1c(=O)c2c(ncn2C)n(C)c1=O
CHEMBL629,CN(C)CCC=C1c2ccccc2CCc2ccccc21
CHEMBL21869,O=C(Nc1ccc(Br)cc1)c1cc(Br)ccc1O
CHEMBL24944,O=C(Nc1ccc(Br)cc1)c1cc(Br)cc(Br)c1O
CHEMBL128,CNS(=O)(=O)Cc1ccc2[nH]cc(CCN(C)C)c2c1
CHEMBL631,CCCNCC(O)COc1ccccc1C(=O)CCc1ccccc1
CHEMBL632,C[C@H]1C[C@H]2[C@@H]3CCC4=CC(=O)C=C[C@]4(C)[C@@]3(F)[C@@H](O)C[C@]2(C)[C@@]1(O)C(=O)CO
CHEMBL634,CCC(=O)N(c1ccccc1)C1(COC)CCN(CCn2nnn(CC)c2=O)CC1
CHEMBL277689,O=C(O)CCC/C=C(\c1ccc(CCNS(=O)(=O)c2ccc(Cl)cc2)cc1)c1cccnc1
CHEMBL430916,CC[C@@]1(CC(=O)O)OC[C@H](Cc2ccccc2)c2c1[nH]c1ccccc21
CHEMBL635,C[C@]12C=CC(=O)C=C1CC[C@@H]1[C@@H]2C(=O)C[C@@]2(C)[C@H]1CC[C@]2(O)C(=O)CO
CHEMBL636,CCN(C)C(=O)Oc1cccc([C@H](C)N(C)C)c1
CHEMBL418192,Cc1ccccc1OCC(O)CNCCOc1ccc(C(N)=O)cc1
CHEMBL637,COc1ccc(C(CN(C)C)C2(O)CCCCC2)cc1
CHEMBL129,Cc1cn([C@H]2C[C@H](N=[N+]=[N-])[C@@H](CO)O2)c(=O)[nH]c1=O
CHEMBL638,C[C@@H](c1ncncc1F)[C@](O)(Cn1cncn1)c1ccc(F)cc1F
CHEMBL639,CN1CCCC(n2nc(Cc3ccc(Cl)cc3)c3ccccc3c2=O)CC1
CHEMBL130,O=C(N[C@H](CO)[C@H](O)c1ccc([N+](=O)[O-])cc1)C(Cl)Cl
CHEMBL640,CCN(CC)CCNC(=O)c1ccc(N)cc1
CHEMBL641,CNCC[C@@H](Oc1ccccc1C)c1ccccc1
CHEMBL642,CCCC(=O)Nc1ccc(OCC(O)CNC(C)C)c(C(C)=O)c1
CHEMBL643,CC(CN1c2ccccc2Sc2ccccc21)N(C)C
CHEMBL131,C[C@]12C=CC(=O)C=C1CC[C@@H]1[C@@H]2[C@@H](O)C[C@@]2(C)[C@H]1CC[C@]2(O)C(=O)CO
CHEMBL644,CC(CN(C)C)CN1c2ccccc2CCc2ccccc21
CHEMBL645,CC(C)NCC(O)COc1ccc(COCCOC(C)C)cc1
CHEMBL646,Cc1nnc2n1-c1ccc(Cl)cc1C(c1ccccc1Cl)=NC2
CHEMBL280728,O=C(O)CCCCO/N=C(/c1cccnc1)c1cccc(C(F)(F)F)c1
CHEMBL647,Nc1cc(Cl)c(N=C2NCCN2)c(Cl)c1
CHEMBL281786,CO[C@]12CC[C@@]3(C[C@@H]1C(C)(C)O)[C@H]1Cc4ccc(O)c5c4[C@@]3(CCN1CC1CC1)[C@H]2O5
CHEMBL22150,CN1CCN(C(c2ccccc2)c2ccc(Cl)cc2)CC1
CHEMBL648,CN1CCN(C(c2ccccc2)c2ccccc2)CC1
CHEMBL434394,OC(CNCC(O)C1CCc2cc(F)ccc2O1)C1CCc2cc(F)ccc2O1
CHEMBL650,C[C@H]1C[C@@H]2[C@H]([C@@H](O)C[C@@]3(C)[C@H]2CC[C@]3(O)C(=O)CO)[C@@]2(C)C=CC(=O)C=C12
CHEMBL651,CCC(=O)C(CC(C)N(C)C)(c1ccccc1)c1ccccc1
CHEMBL652,O=C(NCC1CCCCN1)c1cc(OCC(F)(F)F)ccc1OCC(F)(F)F
CHEMBL134,Clc1cccc(Cl)c1NC1=NCCN1
CHEMBL654,CN1CCN2c3ncccc3Cc3ccccc3C2C1
CHEMBL655,Cc1ncc2n1-c1ccc(Cl)cc1C(c1ccccc1F)=NC2
CHEMBL22242,CCN1CCC[C@H]1CNC(=O)c1c(OC)ccc(Br)c1OC
CHEMBL656,COc1ccc2c3c1O[C@H]1C(=O)CC[C@@]4(O)[C@@H](C2)N(C)CC[C@]314
CHEMBL135,C[C@]12CC[C@@H]3c4ccc(O)cc4CC[C@H]3[C@@H]1CC[C@@H]2O
CHEMBL657,CN(C)CCOC(c1ccccc1)c1ccccc1
CHEMBL658,CCC(=O)N(c1ccccc1)C1(COC)CCN(CCc2cccs2)CC1
CHEMBL659,COc1ccc2c3c1O[C@H]1C[C@@H](O)C=C[C@@]31CCN(C)C2
CHEMBL660,NC12CC3CC(CC(C3)C1)C2
CHEMBL661,Cc1nnc2n1-c1ccc(Cl)cc1C(c1ccccc1)=NC2
CHEMBL21731,CNCCCC12CCC(c3ccccc31)c1ccccc12
CHEMBL666,O=C(O)P(=O)(O)O
CHEMBL667,CC(=O)OCC[N+](C)(C)C
CHEMBL137,Cc1ncc([N+](=O)[O-])n1CCO
CHEMBL668,CNCCCC1c2ccccc2C=Cc2ccccc21
CHEMBL22498,CC(Cc1ccccc1)NN
CHEMBL669,CN(C)CCC=C1c2ccccc2C=Cc2ccccc21
CHEMBL25336,C(=N/NC1=NCCN1)\c1c2ccccc2c(/C=N/NC2=NCCN2)c2ccccc12
CHEMBL671,S=P(N1CC1)(N1CC1)N1CC1
CHEMBL672,CC(C)OC(=O)C(C)(C)Oc1ccc(C(=O)c2ccc(Cl)cc2)cc1
CHEMBL673,C#CCN(C)Cc1ccccc1
CHEMBL23013,N=C(N)c1ccc(OCCCOc2ccc(C(=N)N)cc2)cc1
CHEMBL22916,Cc1cccc(C)c1NC(=O)c1ccc(N)cc1
CHEMBL278764,Cn1nc(-c2cccc(F)c2)n(C)c1=S
CHEMBL25105,N=C(N)c1ccc(OCCCCCCOc2ccc(C(=N)N)cc2)cc1
CHEMBL675,NCCCC(O)(P(=O)([O-])O)P(=O)(O)O.[Na+]
CHEMBL22207,COc1ccc2c(c1)C13CCCCC1C(C2)N(C)CC3
CHEMBL677,C[C@H](N)[C@H](O)c1ccc(O)c(O)c1
CHEMBL416557,CNC(C)C(O)c1ccc(O)c(O)c1
CHEMBL679,CNC[C@H](O)c1ccc(O)c(O)c1
CHEMBL680,N[C@@H](C(=O)N[C@@H]1C(=O)N2C(C(=O)O)=C(Cl)CS[C@H]12)c1ccccc1
CHEMBL23811,COC(=O)c1nc2cc(Cl)c3cccnc3c2o1
CHEMBL681,CCOC(=O)c1cncn1[C@H](C)c1ccccc1
CHEMBL23771,C[S+]([O-])c1ccc2oc3ccc(C(=O)O)cc3c(=O)c2c1
CHEMBL683,CC(C)(Oc1ccc(Cl)cc1)C(=O)O
CHEMBL684,CCN(CC)C(=O)N1CCN(C)CC1
CHEMBL280378,CCOc1cc(Cc2cnc(N)nc2N)cc(OCC)c1-n1cccc1
CHEMBL685,COC(=O)Nc1nc2cc(C(=O)c3ccccc3)ccc2[nH]1
CHEMBL23330,NC(=O)c1cc(N2CC2)c([N+](=O)[O-])cc1[N+](=O)[O-]
CHEMBL23588,O=C(O)c1ccccc1Nc1cccc(C(F)(F)F)c1
CHEMBL139,O=C(O)Cc1ccccc1Nc1c(Cl)cccc1Cl
CHEMBL279924,CCNC1(c2ccccc2)CCCCC1
CHEMBL279433,N#Cc1ccc(Cn2cncc2CN2CCN(c3cccc(Cl)c3)C(=O)C2)cc1
CHEMBL686,Cc1cccc(Nc2ccccc2C(=O)O)c1C
CHEMBL688,CCC(=O)N(c1ccccc1)C1CCN(CCc2ccccc2)CC1.O=C(O)CC(O)(CC(=O)O)C(=O)O
CHEMBL278398,CN1CCC2=C(C1)C(c1ccccc1)c1ccccc12
CHEMBL23115,O=C(O)c1ccccc1Nc1cccc(Cl)c1Cl
CHEMBL23832,O=C(O)c1ccccc1Nc1ccccc1
CHEMBL22542,O=C(O)C1=Cc2sc(Cn3ccnc3)cc2CC1
CHEMBL689,OC[C@@H](O)[C@@H](O)[C@H](O)[C@H](O)CO
CHEMBL23261,COc1cc(OC)nc(O[C@H](C(=O)O)C(OC)(c2ccccc2)c2ccccc2)n1
CHEMBL690,CC[C@H](C)C(=O)O[C@H]1C[C@H](O)C=C2C=C[C@H](C)[C@H](CC[C@@H](O)C[C@@H](O)CC(=O)[O-])[C@H]21.[Na+]
CHEMBL23550,Nc1nc(=O)c2ncn([C@@H]3C[C@H](CO)[C@H]3CO)c2[nH]1
CHEMBL283120,COc1cc([C@@H]2c3cc4c(cc3[C@H](O)[C@H]3COC(=O)[C@@H]23)OCO4)cc(OC)c1OC
CHEMBL25931,CC1(C)C(=O)Nc2cc3[nH]c(-c4ccncc4)nc3cc21
CHEMBL286259,CC1=NC(=O)C(CCN(C(C)C)C(C)C)(c2ccccc2)C2CCCCN12
CHEMBL25892,CC(C)C(NC(=O)Cn1c(-c2ccccc2)ncc(N)c1=O)C(=O)c1nnc(C(C)(C)C)o1
CHEMBL24171,COc1c2ccoc2cc2oc(=O)ccc12
CHEMBL691,C#C[C@]1(O)CC[C@H]2[C@@H]3CCc4cc(O)ccc4[C@H]3CC[C@@]21C
CHEMBL284348,Nc1ccncc1
CHEMBL140,COc1cc(/C=C/C(=O)CC(=O)/C=C/c2ccc(O)c(OC)c2)ccc1O
CHEMBL692,OCC(O)CO
CHEMBL287275,O=C(O)c1ccccc1OP(=O)(O)O
CHEMBL695,CN1C(=O)OC(C)(C)C1=O
CHEMBL696,CCC1(C)CC(=O)NC1=O
CHEMBL697,CN1C(=O)CC(C)(c2ccccc2)C1=O
CHEMBL24646,COc1ccc(-c2nc3cc(C4=NNC(=O)CC4C)ccc3[nH]2)cc1
CHEMBL26505,CCN(CC)CCOC(=O)C(C)(c1ccccc1)c1ccccc1
CHEMBL698,CCCCNc1ccc(C(=O)OCCN(C)C)cc1
CHEMBL280527,CCNc1cccnc1N1CCN(C(=O)c2cc3cc(OC)ccc3[nH]2)CC1
CHEMBL284237,C[C@]12N[C@H](Cc3ccccc31)c1ccccc12
CHEMBL24329,CNCCNc1ccc2c3c(nn2CCNCCO)-c2c(O)ccc(O)c2C(=O)c13
CHEMBL24441,CNCCc1ccccn1
CHEMBL699,Cn1c(=O)c2c(ncn2CCO)n(C)c1=O
CHEMBL26291,CN(C)CCCNc1c2ccccc2nc2cccc([N+](=O)[O-])c12
CHEMBL26215,CCCCCCCCO
CHEMBL279260,C[C@H](Cc1c[nH]c2c(OCC(=O)O)cccc12)NC[C@H](O)c1cccc(Cl)c1
CHEMBL700,Nc1ccc(S(=O)(=O)Nc2ccccn2)cc1
CHEMBL701,NCC(CC(=O)O)c1ccc(Cl)cc1
CHEMBL25263,O=C(O)[C@H]1CCCN1C(=O)CCCCC(=O)N1CCC[C@@H]1C(=O)O
CHEMBL703,C[N+](C)(C)CCOC(=O)CCC(=O)OCC[N+](C)(C)C
CHEMBL24078,CC(=O)[O-].Cc1c2cc[n+](C)cc2c(C)c2c1[nH]c1ccc(O)cc12
CHEMBL704,Nc1ccc(O)c(C(=O)O)c1
CHEMBL24778,C[C@H](Cc1cc2c(c(C(N)=O)c1)N(CCCO)CC2)NCCOc1ccccc1OCC(F)(F)F
CHEMBL282468,C[N+](C)(C)CCO.[Cl-]
CHEMBL707,COc1cc2nc(N3CCN(C(=O)C4COc5ccccc5O4)CC3)nc(N)c2cc1OC
CHEMBL279516,O=C(NC1CCN(CCc2c[nH]c3ccccc23)CC1)c1ccccc1
CHEMBL279229,COc1ccccc1N1CCN(CCCNc2cc(=O)n(C)c(=O)n2C)CC1
CHEMBL24828,COc1cc2/c(=N/c3ccc(Br)cc3F)nc[nH]c2cc1OCC1CCN(C)CC1
CHEMBL278819,Cc1cc(-c2ccccc2)nnc1NCCN1CCOCC1
CHEMBL25202,CC1(C)CCC(C)(C)c2cc(NC(=O)c3ccc(C(=O)O)cc3)ccc21
CHEMBL281872,COc1cc2c(Nc3ccc(Br)cc3F)ncnc2cc1OCCn1ccnn1
CHEMBL708,O=C1Cc2cc(CCN3CCN(c4nsc5ccccc45)CC3)c(Cl)cc2N1
CHEMBL709,COc1cc2nc(N(C)CCCNC(=O)C3CCCO3)nc(N)c2cc1OC
CHEMBL710,CC(C)(C)NC(=O)[C@H]1CC[C@H]2[C@@H]3CC[C@H]4NC(=O)C=C[C@]4(C)[C@H]3CC[C@]12C
CHEMBL25028,CS(C)(=O)=O
CHEMBL711,O=C1c2ccccc2C(=O)C1c1ccccc1
CHEMBL278519,O=C1c2ccccc2C(=O)C1c1ccc(Cl)cc1
CHEMBL712,COc1ccc(C2C(=O)c3ccccc3C2=O)cc1
CHEMBL24924,O=C1c2ccccc2C(=O)C1c1ccc(F)cc1
CHEMBL282686,CCO[C@@H](Cc1ccc(OCCc2ccc(OS(C)(=O)=O)cc2)cc1)C(=O)O
CHEMBL24955,CN1C(=O)CC[C@@H]2c3ccc(Cl)cc3CC[C@H]21
CHEMBL713,C=C1[C@H](CO)[C@@H](O)C[C@@H]1n1cnc2c(=O)[nH]c(N)nc21
CHEMBL141,Nc1ccn([C@@H]2CS[C@H](CO)O2)c(=O)n1
CHEMBL714,CC(C)(C)NCC(O)c1ccc(O)c(CO)c1
CHEMBL715,Cc1cc2c(s1)Nc1ccccc1N=C2N1CCN(C)CC1
CHEMBL716,OCCOCCN1CCN(C2=Nc3ccccc3Sc3ccccc32)CC1
CHEMBL285802,CN(C)CCOC1=Cc2ccccc2Sc2ccc(Cl)cc21
CHEMBL28333,CN1CCN=C(c2ccccc2)c2cc(Cl)ccc21
CHEMBL27926,c1ccc(C2CCN(CC3CCCc4c3ccc3c4OCO3)C2)cc1
CHEMBL283639,Cc1cc(CCCCCCCOc2ccc(C3=NCCO3)cc2)on1
CHEMBL717,CC(=O)O[C@]1(C(C)=O)CC[C@H]2[C@@H]3C[C@H](C)C4=CC(=O)CC[C@]4(C)[C@H]3CC[C@@]21C
CHEMBL27114,O=C1NC2(CCCCC2)C(=O)N1CCN(CCCl)CCCl
CHEMBL718,CC(N)(Cc1ccc(O)c(O)c1)C(=O)O
CHEMBL25146,Nc1c(CC(=O)O)cccc1C(=O)c1ccccc1
CHEMBL27769,C[C@]12CCC(=O)C[C@@H]1CC[C@@H]1[C@@H]2CC[C@]2(C)[C@@H](O)CC[C@@H]12
CHEMBL28218,O=C(CCCN1CCC(O)(c2ccc(Br)cc2)CC1)c1ccc(F)cc1
CHEMBL282567,CCCC(C(=O)OCCN(CC)CC)(c1ccccc1)c1ccccc1
CHEMBL27577,NC(=O)c1ccccc1O
CHEMBL720,OCc1ccccc1
CHEMBL28318,Cc1c(C(C)C)c(=O)n(-c2ccccc2)n1C
CHEMBL282614,c1cc2c(c(N3CCNCC3)c1)OCCO2
CHEMBL283656,Cc1c(Cn2ccnc2)c2ccccc2n1CCC(=O)O
CHEMBL26479,c1ccc(C2(c3ccccc3)OCC(C3CCCCN3)O2)cc1
CHEMBL26424,CCN(CC)CCOc1ccc(Cc2ccccc2)cc1
CHEMBL27759,Nc1ccccc1NC(=O)c1ccc(CNC(=O)OCc2cccnc2)cc1
CHEMBL27999,Cc1cc(-n2ncc(=O)[nH]c2=O)cc(C)c1Sc1ccc(Cl)cc1
CHEMBL27077,CC(C)NCC(O)COc1ccccc1-n1cccc1
CHEMBL27810,CCN(CC)C(=O)Nc1ccc(OCC(O)CNC(C)(C)C)c(C(C)=O)c1
CHEMBL26984,CCCCNC(=O)NC1CCN(c2ncnc3cc(OC)c(OC)cc23)CC1
CHEMBL25856,Oc1cc2c(cc1O)[C@H]1c3ccccc3CN[C@@H]1CC2
CHEMBL434200,CC(C)(C)NCC(O)COc1cccc2c1SCCC2
CHEMBL723,COc1ccccc1OCCNCC(O)COc1cccc2[nH]c3ccccc3c12
CHEMBL726,OCCN1CCN(CCCN2c3ccccc3Sc3ccc(C(F)(F)F)cc32)CC1
CHEMBL727,Nc1nc2[nH]cnc2c(=S)[nH]1
CHEMBL26630,Cc1onc(NS(=O)(=O)c2ccc(N)cc2)c1C
CHEMBL287631,NC(=O)CCC/N=C(\c1ccc(Cl)cc1)c1cc(F)ccc1O
CHEMBL286738,NS(=O)(=O)Oc1ccc2c3c(c(=O)oc2c1)CCCCC3
CHEMBL27289,C=C(c1ccccc1OCc1cccc(Cl)c1)n1ccnc1
CHEMBL27193,C[C@H](CCc1ccccc1)NC[C@H](O)c1ccc(O)c(C(N)=O)c1
CHEMBL728,CN1CCN(CCCN2c3ccccc3Sc3ccc(Cl)cc32)CC1
CHEMBL730,O=[N+]([O-])OCC(CO[N+](=O)[O-])O[N+](=O)[O-]
CHEMBL26687,COc1cc(CCN)cc(OC)c1OC
CHEMBL30054,O=C(Cn1c(Cl)cnc(NCC(F)(F)c2ccccn2)c1=O)NCc1ncccc1F
CHEMBL30116,CCn1cc(C(=O)O)c(=O)c2cnc(N3CCNCC3)nc21
CHEMBL27129,O=C1c2ccccc2OCN1CCO[N+](=O)[O-]
CHEMBL145,O=C(O)/C=C/c1ccc(O)c(O)c1
CHEMBL734,CC(=O)NO
CHEMBL284906,O=C(NCCO[N+](=O)[O-])c1cccnc1
CHEMBL282121,CCN(CCCCOC(=O)c1ccc(OC)c(OC)c1)C(C)Cc1ccc(OC)cc1
CHEMBL30044,N=C(N)c1ccc(OCCCOc2ccc(C(=N)N)cc2Br)c(Br)c1
CHEMBL738,CCCC(C)C1(CC)C(=O)[N-]C(=S)NC1=O.[Na+]
CHEMBL29411,Cc1ccc(C(C)C)c(O)c1
CHEMBL281202,Cc1ccc(C(C)C)cc1O
CHEMBL146,Cc1cc(C(C)(C)C)c(O)c(C(C)(C)C)c1
CHEMBL30219,C=CCC1(C(C)C#CCC)C(=O)N=C([O-])N(C)C1=O.[Na+]
CHEMBL29741,CN(C)CCOc1ccccc1-c1nc(-c2ccccc2)no1
CHEMBL741,Nc1nnc(-c2cccc(Cl)c2Cl)c(N)n1
CHEMBL29919,Nc1cnc(-c2cc(Cl)cc(Cl)c2Cl)c(N)n1
CHEMBL29798,COc1ccc2[nH]c(=O)nc(C)c2c1OC
CHEMBL742,CNC1(c2ccccc2Cl)CCCCC1=O
CHEMBL25843,CC(Cc1ccccc1)(NC(=O)CN)c1ccccc1
CHEMBL416755,CCn1cc(C(=O)O)c(=O)c2cc3c(cc21)OCO3
CHEMBL29404,Cc1nc(OCCCCCN2CCCCC2)cc(-c2ccc(F)cc2)n1
CHEMBL744,Nc1nc2ccc(OC(F)(F)F)cc2s1
CHEMBL29757,N[C@H](CC(=O)O)C(=O)O
CHEMBL28636,COc1ccc(-c2cc(C(F)F)nn2-c2ccc(S(N)(=O)=O)cc2)cc1F
CHEMBL28527,NS(=O)(=O)c1ccc(-n2nc(C(F)(F)F)cc2-c2ccc(F)cc2)cc1
CHEMBL29188,COc1ccc(CN2CCN(C(c3ccc(F)cc3)c3ccc(F)cc3)CC2)c(OC)c1OC
CHEMBL746,CCCc1c2oc(C(=O)O)cc(=O)c2cc2c(=O)cc(C(=O)O)n(CC)c12
CHEMBL281724,CN(c1nc2ccccc2s1)C1CCN(C[C@H](O)COc2ccc(F)c(F)c2)CC1
CHEMBL747,CC1(C)N=C(N)N=C(N)N1c1ccc(Cl)cc1
CHEMBL748,C[n+]1ccccc1/C=N/O.[Cl-]
CHEMBL29609,Cc1cc(CCCOc2c(C)cc(-c3noc(C(F)(F)F)n3)cc2C)on1
CHEMBL29835,CCCN(c1ccncc1)n1ccc2ccccc21
CHEMBL750,NS(=O)(=O)Cc1noc2ccccc12
CHEMBL28196,O=C(O)CCCC/C=C(/c1ccccc1)c1cccnc1
CHEMBL28854,CN1CCN(c2ncc(-c3cc(Cl)cc(Cl)c3Cl)c(N)n2)CC1
CHEMBL28079,CCCOc1ccccc1-c1nc2[nH]nnc2c(=O)[nH]1
CHEMBL28979,CC(CC(C(N)=O)(c1ccccc1)c1ccccn1)N(C)C
CHEMBL29292,CC(C)C[C@H](NC(=O)[C@@H](O)[C@H](N)Cc1ccccc1)C(=O)O
CHEMBL280531,Nc1nc2c(ncn2CC(CO)CO)c(=O)[nH]1
CHEMBL752,Nc1ncnc2c1ncn2[C@@H]1O[C@H](COP(=O)(O)O)[C@@H](O)[C@H]1O
CHEMBL28564,OC(CN1CCC(Cc2ccc(F)cc2)CC1)c1ccc(Cl)cc1
CHEMBL286020,COc1cc([S+](C)[O-])ccc1-c1nc2cccnc2[nH]1
CHEMBL31882,Nc1cc2[nH]cnc2c(=O)[nH]1
CHEMBL753,CC(COc1ccccc1)N(CCCl)Cc1ccccc1
CHEMBL283403,CC(C)S(=O)(=O)n1c(N)nc2ccc(/C(=N/O)c3ccccc3)cc21
CHEMBL754,O=C([O-])P(=O)([O-])[O-].[Na+].[Na+].[Na+]
CHEMBL284483,OC[C@H]1O[C@@H](n2cnc3c2N=CNC[C@H]3O)[C@H](O)[C@@H]1O
CHEMBL31965,C=CC(=O)Nc1cc2c(Nc3ccc(F)c(Cl)c3)ncnc2cc1OCCCN1CCOCC1
CHEMBL287677,N#Cc1ccc([C@H]2CCCc3cncn32)cc1
CHEMBL757,C[C@]12CC[C@H]3[C@@H](CCC4=CC(=O)CC[C@@H]43)[C@@H]1CC[C@@H]2O
CHEMBL435951,NC(=O)c1ncn2c(=O)n(CCCl)nnc12
CHEMBL760,O=C1CN2Cc3c(ccc(Cl)c3Cl)N=C2N1
CHEMBL761,c1ccc2c(CC3=NCCN3)cccc2c1
CHEMBL31634,O=c1[nH]c(=O)n([C@H]2C[C@H](O)[C@@H](CO)O2)cc1/C=C/Br
CHEMBL31836,c1ccc2c(c1)OCC(CN1CCCCC1)O2
CHEMBL762,Cc1cc(C(C)(C)C)c(O)c(C)c1CC1=NCCN1
CHEMBL31891,COc1cc(Cc2cnc(N)nc2N)cc(OC)c1Br
CHEMBL32039,COCCOc1c(OC)cc(Cc2cnc(N)nc2N)cc1OC
CHEMBL32573,c1cc2c(c(NC3=NCCN3)c1)CCCC2
CHEMBL31422,Cc1occc(=O)c1O
CHEMBL286398,CC(O)CO
CHEMBL31574,O=c1c(O)c(-c2ccc(O)c(O)c2)oc2cc(O)ccc12
CHEMBL286013,CCC(C)(C)C(=O)O
CHEMBL765,N=C(N)NCCN1CCCCCCC1
CHEMBL766,CC1(C)C[C@@H]1C(=O)N/C(=C\CCCCSC[C@H](N)C(=O)O)C(=O)O
CHEMBL768,COC(=O)CCc1ccc(OCC(O)CNC(C)C)cc1
CHEMBL770,c1ccc(CC2=NCCN2)cc1
CHEMBL285347,C[C@@H](O)[C@H]1C(=O)N2C(C(=O)[O-])=C(SC3Cn4cnc[n+]4C3)[C@H](C)[C@H]12
CHEMBL771,N[C@@H]1CONC1=O
CHEMBL285123,N[C@H](CO)C(=O)O
CHEMBL148,C[C@@H](O)[C@H]1C(=O)N2C(C(=O)O)=C(SCCNC=N)C[C@H]12
CHEMBL773,NCC(=O)O
CHEMBL283820,O=C(O)CC[C@@H](NC(=O)c1cc(Cl)cc(Cl)c1)C(=O)N1CCC2(CCCC2)CC1
CHEMBL30400,CNC(C)C(O)c1ccc(O)cc1
CHEMBL30746,CC(C)NCC(O)c1ccc(O)c(NS(C)(=O)=O)c1
CHEMBL284377,N[C@@H](COP(=O)(O)O)C(=O)O
CHEMBL284907,O=NN(CCCl)C(=O)NCCO
CHEMBL776,CC(C)NCC(O)c1cc(O)cc(O)c1
CHEMBL777,O=C(O)[C@H]1/C(=C/CO)O[C@@H]2CC(=O)N21
CHEMBL778,Cc1cccc([C@H](C)c2c[nH]cn2)c1C
CHEMBL779,CN1CC(=O)N2[C@H](c3ccc4c(c3)OCO4)c3[nH]c4ccccc4c3C[C@@H]2C1=O
CHEMBL416578,COC[C@H]1CN(c2ccc(OCC[C@@H](O)C(F)(F)F)cc2)C(=O)O1
CHEMBL291233,O/N=C/c1cc[n+](COC[n+]2ccc(/C=N/O)cc2)cc1.[Cl-].[Cl-]
CHEMBL33986,Oc1ccc2c(c1)[C@@]13CCCC[C@@]1(O)[C@@H](C2)N(CC1CCC1)CC3
CHEMBL433041,CCCCCCCNC(=O)Oc1ccc2c(c1)[C@]1(C)CCN(C)[C@@H]1N2C
CHEMBL33211,O=C(O)Cc1ccc2c(c1)C(=O)c1ccccc1CO2
CHEMBL780,O=C(O)CN(CCN(CC(=O)O)CC(=O)O)CCN(CC(=O)O)CC(=O)O
CHEMBL781,OC1(c2ccc(Cl)cc2)c2ccccc2C2=NCCN21
CHEMBL284116,NCCCCC(=O)O
CHEMBL33845,Oc1ccc(Cl)cc1Cc1cc(Cl)ccc1O
CHEMBL32227,CCn1c(-c2ccc(OC(C)=O)cc2)c(C)c2cc(OC(C)=O)ccc21
CHEMBL782,CCCCNC(=O)NS(=O)(=O)c1ccc(C)cc1
CHEMBL783,CC(C)[C@H]1CC[C@H](C(=O)N[C@H](Cc2ccccc2)C(=O)O)CC1
CHEMBL284768,COP(=O)(OC)OC(c1ccc(Cl)cc1)P(=O)(OC)OC
CHEMBL150,O=c1c(O)c(-c2ccc(O)cc2)oc2cc(O)cc(O)c12
CHEMBL33864,O=C(O)CCCCC1CCSS1
CHEMBL284616,O=C(/C=C/c1ccc(O)c(O)c1)O[C@@H]1C[C@](O)(C(=O)O)C[C@@H](O)[C@H]1O
CHEMBL32350,Cc1ccc2c(c1)c1c3n2CCNC3CCC1
CHEMBL32479,Cc1nnc2n1-c1sc(Br)cc1C(c1ccccc1Cl)=NC2
CHEMBL151,O=c1cc(-c2ccc(O)c(O)c2)oc2cc(O)cc(O)c12
CHEMBL417675,CCCCCCCCCCCCCCCC(=O)NCCO
CHEMBL285852,COc1cc2c(c3c1c(=O)c1ccccc1n3C)C=CC(C)(C)O2
CHEMBL32778,O/N=C/c1cc[n+](CCC[n+]2ccc(/C=N/O)cc2)cc1
CHEMBL284328,CC[n+]1c(-c2ccccc2)c2cc(N)ccc2c2ccc(N)cc21.[Br-]
CHEMBL788,O=c1[nH]c(=O)n([C@H]2C[C@H](O)[C@@H](CO)O2)cc1I
CHEMBL431701,COc1cc([C@H]2Oc3cc([C@H]4Oc5cc(O)cc(O)c5C(=O)[C@@H]4O)ccc3O[C@@H]2CO)ccc1O
CHEMBL36255,COc1ccc(/C=C\c2cc(OC)c(OC)c(OC)c2)c(O)c1O
CHEMBL285913,COc1cc2c(cc1OC)-c1c/c(=N\c3c(C)cc(C)cc3C)n(C)c(=O)n1CC2
CHEMBL35337,CCn1cc(C(=O)O)c(=O)c2ccc(Cc3ccccc3)nc21
CHEMBL287257,COc1ccc2c(c1)CN(C)CC2c1ccc(Cl)c(Cl)c1
CHEMBL152,Nc1ccn(C[C@@H](CO)OCP(=O)(O)O)c(=O)n1
CHEMBL32838,CO[C@@H]1[C@H](OC(=O)/C=C/C=C/C=C/C=C/C(=O)O)CC[C@]2(CO2)[C@H]1[C@@]1(C)O[C@@H]1CC=C(C)C
CHEMBL286452,C[C@]12CC[C@@H]3c4ccc(O)cc4CC[C@H]3[C@@H]1CC[C@H]2O
CHEMBL35241,N=C(N)c1ccc(/N=N/Nc2ccc(C(=N)N)cc2)cc1
CHEMBL32800,CC(Cc1ccc(O)cc1)NCC(O)c1cc(O)cc(O)c1
CHEMBL35306,C[C@@H]([C@H](N)C(=O)N[C@H](C(=O)O)[C@H]1O[C@@H](n2ccc(=O)[nH]c2=O)[C@H](O)[C@@H]1O)[C@H](O)c1ccc(O)cn1
CHEMBL792,Oc1nc(O)c2nc(O)[nH]c2n1
CHEMBL284121,C=C1/C(=C\C=C2/CCC[C@]3(C)C([C@H](C)CC#CC(C)(C)O)=CC[C@@H]23)C[C@@H](O)C[C@@H]1O
CHEMBL34246,CSc1c(Cl)nc(NC(C)C)nc1N1CCN(C)CC1
CHEMBL34722,Cn1cnc([N+](=O)[O-])c1Sc1nc(N)nc2[nH]cnc12
CHEMBL35033,CCOCn1c(Cc2ccccc2)c(C(C)C)c(=O)[nH]c1=O
CHEMBL796,COC(=O)C(c1ccccc1)C1CCCCN1
CHEMBL285674,Clc1ccc2c(c1)C(c1ccccc1)=NCc1nncn1-2
CHEMBL797,CN1C(=O)CC(c2ccccc2)C1=O
CHEMBL36565,CN(C(=O)CNC(=O)CN)c1ccc(Cl)cc1C(=O)c1ccccc1Cl
CHEMBL34259,CN(Cc1cnc2nc(N)nc(N)c2n1)c1ccc(C(=O)N[C@@H](CCC(=O)O)C(=O)O)cc1
CHEMBL34412,Nc1nc2c(c(=O)[nH]1)C[C@@H](CCc1ccc(C(=O)N[C@@H](CCC(=O)O)C(=O)O)cc1)CN2
CHEMBL36503,NCCCC[C@H](OP(=O)(O)CCCCc1ccccc1)C(=O)N1CCC[C@H]1C(=O)O
CHEMBL284092,CC1(C)CC(=O)N(CCCCN2CCN(c3ncccn3)CC2)C(=O)C1
CHEMBL34431,CN(C(=O)CCCOc1ccc2[nH]c(=O)ccc2c1)C1CCCCC1
CHEMBL799,O=C1CCc2cc(OCCCCc3nnnn3C3CCCCC3)ccc2N1
CHEMBL284838,O=C(NCCCOc1ccc2[nH]c(=O)ccc2c1)N(C1CC1)[C@@H]1CCCC[C@H]1O
CHEMBL33958,O=C1Cc2cc(Cl)c(C3CCCCC3)cc2O1
CHEMBL36016,CCOC(=O)NC1=C(N2CC2)C(=O)C(NC(=O)OCC)=C(N2CC2)C1=O
CHEMBL35802,COc1cc(NCCCCCNC(C)C)c2ncccc2c1
CHEMBL38380,O=S(=O)(c1cccc2cnccc12)N1CCCNCC1
CHEMBL35505,N/N=c1\[nH][nH]/c(=N\N)c2ccccc12
CHEMBL432481,C[C@]1(C(=O)O)CSC(c2ccc(O)cc2O)=N1
CHEMBL38224,CC1(C)C(=O)Nc2ccc(C3=NNC(=O)CC3)cc21
CHEMBL802,Nc1cc(N2CCCCC2)nc(N)[n+]1[O-]
CHEMBL154,COc1ccc2cc([C@H](C)C(=O)O)ccc2c1
CHEMBL416956,OC(c1cc(C(F)(F)F)nc2c(C(F)(F)F)cccc12)C1CCCCN1
CHEMBL803,Nc1ccn([C@@H]2O[C@H](CO)[C@@H](O)[C@@H]2O)c(=O)n1
CHEMBL35057,O=C1CC2(CCCC2)CC(=O)N1CCCCN1CCN(c2nsc3ccccc23)CC1
CHEMBL284733,N#CC(c1ccc(Cl)cc1)c1c(Cl)cc(-n2ncc(=O)[nH]c2=O)cc1Cl
CHEMBL290578,CC(C)OC(=O)Nc1ccc2[nH]c(-c3cscn3)nc2c1
CHEMBL37161,COC(=O)Nc1nc2cc(Sc3ccccc3)ccc2[nH]1
CHEMBL806,CC(C)C(=O)Nc1ccc([N+](=O)[O-])c(C(F)(F)F)c1
CHEMBL37935,Cc1oc2nc3c(c(NC(=O)CN4CCCC4=O)c2c1C)CCCC3
CHEMBL807,CC12CC3CC(C)(C1)CC(N)(C3)C2
CHEMBL37676,Cc1c(C)c2c(c(C)c1O)CCC(C)(C)O2
CHEMBL289351,COc1ccc(/C=C\c2cc(OC)c(OC)c(OC)c2)cc1OP(=O)([O-])[O-].[Na+].[Na+]
CHEMBL36648,COc1c(OC)c(OC(C)=O)c2cc(Cl)ccc2c1OC(C)=O
CHEMBL36591,CC(N)C(=O)OC(C)(C)Cc1ccc(Cl)cc1
CHEMBL287064,CNC/C=C(/c1ccc(Br)cc1)c1cccnc1
CHEMBL36994,COc1ccc(C(=O)N2CCCC2=O)cc1
CHEMBL36715,NC(=O)CN1CCCC1=O
CHEMBL36633,NC(=O)CN1CC(O)CC1=O
CHEMBL810,Cn1nnc2c(C(N)=O)ncn2c1=O
CHEMBL37390,CC(O)Cn1cnc2c1c(=O)n(C)c(=O)n2C
CHEMBL37387,Nc1nc(=O)c(Br)c(-c2ccccc2)[nH]1
CHEMBL811,CN(C)CCC(c1ccc(Br)cc1)c1ccccn1
CHEMBL37744,CN(C)C/C=C(/c1ccc(Br)cc1)c1cccnc1
CHEMBL34913,Cc1nc(C2CCCCC2)c(-c2ccc(S(N)(=O)=O)c(F)c2)o1
CHEMBL285517,CCOC(=O)C1(c2ccccc2)CCN(CCc2ccccc2)CC1
CHEMBL812,CN(C)C(=O)Oc1ccc[n+](C)c1.[Br-]
CHEMBL813,CCCCc1ncc(/C=C(\Cc2cccs2)C(=O)O)n1Cc1ccc(C(=O)O)cc1
CHEMBL40124,CCN(CC)CCCNc1nccc2c(C)c3[nH]c4ccncc4c3cc12
CHEMBL38120,CN[C@@H]1CC[C@@H](c2ccccc2)c2ccccc21
CHEMBL36584,COc1ccc(/C=C/C(=O)c2ccc(OC)cc2OC)cc1
CHEMBL39999,S=C(NCCc1ccccn1)Nc1ccc(Br)cn1
CHEMBL289469,CN1C2CCCC1CC(NC(=O)c1nn(C)c3ccccc13)C2
CHEMBL39664,O=C(O)[C@@H]1C[C@H](CP(=O)(O)O)CCN1
CHEMBL814,COCCCC/C(=N\OCCN)c1ccc(C(F)(F)F)cc1
CHEMBL815,CCCCC[C@H](O)/C=C/[C@@H]1[C@@H](C/C=C\CCCC(=O)O)[C@@H](O)C[C@H]1O
CHEMBL290507,C/C=C(\c1ccccc1)c1ccc2nc(N)n(S(=O)(=O)C(C)C)c2c1
CHEMBL816,NCCN
CHEMBL288149,CC(=O)NC[C@H]1CN(c2ccc(N3CCSCC3)c(F)c2)C(=O)O1
CHEMBL39373,Cc1ccc2c(c1O)NC(O)C1CC(/C=C/C(N)=O)=CN1C2=O
CHEMBL37624,CC(=O)c1ccc(C)cc1NC(C(N)=O)c1c(Cl)cccc1Cl
CHEMBL39736,CCCCNC(=N)NC(=N)N
CHEMBL817,Cc1ccc(S(=O)(=O)NC(=O)NN2CCCCCC2)cc1
CHEMBL818,N=C(N)NCc1cccc(I)c1
CHEMBL819,Cc1onc(-c2ccccc2)c1C(=O)N[C@@H]1C(=O)N2[C@@H]1SC(C)(C)[C@@H]2C(=O)O
CHEMBL290960,CC1CS(=O)(=O)CCN1/N=C/c1ccc([N+](=O)[O-])o1
CHEMBL38458,CCN(CC)CCn1nc2c3c(c(NCCN)ccc31)Sc1cc(O)ccc1-2
CHEMBL820,CS(=O)(=O)OCCCCOS(C)(=O)=O
CHEMBL263807,CCOC(=O)c1c[n+](C)c2n(c1=O)C(C)CCC2.COS(=O)(=O)[O-]
CHEMBL821,N=C(N)N
CHEMBL822,CN(C/C=C/C#CC(C)(C)C)Cc1cccc2ccccc12
CHEMBL37683,CCn1cc(C(=O)O)c(=O)c2cc(F)c(N3CCC(N)C3)nc21
CHEMBL290299,Cn1c([N+](=O)[O-])cnc1COC(N)=O
CHEMBL826,CCn1cc(C(=O)O)c(=O)c2cc(F)c(N3CCNCC3)nc21
CHEMBL290194,C=CCN1CCCC1CNC(=O)c1cc2nn[nH]c2cc1OC
CHEMBL37681,O=C(O)CC(NC(=O)CP(=O)(O)O)C(=O)O
CHEMBL38992,CCN(CC)S(=O)(=O)N[C@H]1C[C@@H]2c3cccc4[nH]cc(c34)C[C@H]2N(C)C1
CHEMBL39560,CC(=O)c1ccc2c(c1)N(CCCN(C)C)c1ccccc1S2
CHEMBL38594,CCN(CC)CCNC(=O)c1cc(Cl)c(N)cc1OC(C)C(C)=O
CHEMBL827,COC(=O)[C@H](c1ccccc1)[C@H]1CCCCN1
CHEMBL289116,CCC1(c2ccncc2)CCC(=O)NC1=O
CHEMBL264374,CC(C)(Oc1ccc(CCNC(=O)c2ccc(Cl)cc2)cc1)C(=O)O
CHEMBL828,c1ccc2c(c1)Nc1ccccc1S2
CHEMBL829,CC(CN(C)C)CN1c2ccccc2Sc2ccccc21
CHEMBL38938,Cc1ncc([N+](=O)[O-])n1C
CHEMBL37971,Cc1cn(-c2cc(C)c3[nH]c(=O)ccc3c2)c(C)n1
CHEMBL43128,COc1cc(NC(C)CCCN)c2ncccc2c1.O=P(O)(O)O.O=P(O)(O)O
CHEMBL37858,O=C(O)c1cn(-c2ccc(F)cc2)c2cc(N3CCNCC3)c(F)cc2c1=O
CHEMBL43185,O=C(/C=C/C=C/c1ccc2c(c1)OCO2)N1CCCCC1
CHEMBL288114,O=C(O)c1cc(O)c(O)c(O)c1
CHEMBL43184,Nc1c2ccccc2nc2ccccc12
CHEMBL830,NCCCC(N)(C(=O)O)C(F)F
CHEMBL39933,CC(=O)c1ccc2c(c1)[C@H](NC(=O)c1ccc(F)cc1)[C@@H](O)C(C)(C)O2
CHEMBL41849,OC(Cn1ccnc1)c1ccc(CCc2ccccc2)cc1
CHEMBL416801,O=C(Cn1ccnc1)c1ccc2ccccc2c1
CHEMBL41194,CCCc1nc2c(n1Cc1ccc(-c3ccccc3-c3nnn[nH]3)cc1)C(=O)CCCC2
CHEMBL831,CN1CCN(C2=Nc3ccccc3Oc3ccc(Cl)cc32)CC1
CHEMBL289556,O=C(N[C@H]1CCS[C@H]2CCC[C@@H](C(=O)O)N2C1=O)[C@@H](S)Cc1ccccc1
CHEMBL39677,c1ccc2nc3ccccc3cc2c1
CHEMBL289093,COc1ccc(OC)c(C(O)C(C)NC(C)(C)C)c1
CHEMBL832,O=C1C(CC[S+]([O-])c2ccccc2)C(=O)N(c2ccccc2)N1c1ccccc1
CHEMBL288470,Cc1c(N(C)C)c(=O)n(-c2ccccc2)n1C
CHEMBL833,Clc1ccccc1CN1CCc2sccc2C1
CHEMBL290916,CC1=NN(c2ccccc2)C(=O)C1
CHEMBL834,NCCC(O)(P(=O)(O)O)P(=O)(O)O
CHEMBL289480,C1COC(NC(C2CC2)C2CC2)=N1
CHEMBL291157,CCn1cc(C(=O)O)c(=O)c2ccc(-c3ccncc3)cc21
CHEMBL38700,Nc1nc(=O)n([C@@H]2C=C[C@H](CO)O2)cc1F
CHEMBL288496,O=C1c2ccccc2C(=O)C1c1ccc(Br)cc1
CHEMBL296522,COc1cc(N)c(Cl)cc1C(=O)NC1CCN2CCCC1C2
CHEMBL836,CCOc1ccccc1OCCN[C@H](C)Cc1ccc(OC)c(S(N)(=O)=O)c1
CHEMBL837,CCc1c2c(nc3ccc(O)cc13)-c1cc3c(c(=O)n1C2)COC(=O)[C@]3(O)CC
CHEMBL430554,NCCCC[C@H](N[C@H]1CCc2ccccc2N(CC(=O)O)C1=O)C(=O)O
CHEMBL158,C[C@H]1[C@H](NC(=O)/C(=N\OC(C)(C)C(=O)O)c2csc(N)n2)C(=O)N1S(=O)(=O)O
CHEMBL838,CCOC(=O)[C@H](CCc1ccccc1)N[C@H]1CCc2ccccc2N(CC(=O)O)C1=O
CHEMBL41286,CC(=O)Oc1cccc2c1C(=O)c1c(OC(C)=O)cc(C(=O)O)cc1C2=O
CHEMBL41355,CCOC(=O)Nc1ccc(NCc2ccc(F)cc2)cc1N
CHEMBL40356,CN1CCC/C1=N\C(=N\c1ccccc1)N1CCOCC1
CHEMBL40611,c1ccc(C(CC2=NCCN2)c2ccccn2)cc1
CHEMBL839,CC(C)(C)NCC(O)COc1cccc2c1CCC(=O)N2
CHEMBL297407,Cc1cccc(Nc2cc(Cl)nc(N(C)C)n2)c1C
CHEMBL40357,Cc1cccc(Nc2cc(Cl)nc(NCC(=O)O)n2)c1C
CHEMBL289832,O=c1[nH]c2cc(Cl)c(Cl)c([N+](=O)[O-])c2[nH]c1=O
CHEMBL842,NS(=O)(=O)c1cc2c(cc1Cl)N=CNS2(=O)=O
CHEMBL843,CN(CCOc1ccc(CC2SC(=O)NC2=O)cc1)c1ccccn1.O=C(O)/C=C\C(=O)O
CHEMBL448416,CN=C(N)NC(=O)Nc1c(C)cccc1C
CHEMBL844,Brc1c(NC2=NCCN2)ccc2nccnc12
CHEMBL295416,Cc1cccc(Nc2cc(Cl)nc(SCC(=O)O)n2)c1C
CHEMBL43452,Nc1cccc2c1C(=O)N(C1CCC(=O)NC1=O)C2=O
CHEMBL42126,COc1ccc(C(=O)Nc2c(Cl)cncc2Cl)cc1OC1CCCC1
CHEMBL295316,CC1=CC(=O)c2c(O)cccc2C1=O
CHEMBL847,CC(C)NCC1CCc2cc(CO)c([N+](=O)[O-])cc2N1
CHEMBL298019,CCOC(=O)c1ccc(OCCC2CCN(c3ccc(C)nn3)CC2)cc1
CHEMBL848,Nc1cccc2c1CN(C1CCC(=O)NC1=O)C2=O
CHEMBL42336,CSCC[C@H](N)C(=O)O
CHEMBL42442,COC(=O)Nc1nc2cc([S+]([O-])c3ccccc3)ccc2[nH]1
CHEMBL42641,CCCc1c2c(c(O)c3c(=O)cc(C(=O)O)oc13)CCCC2
CHEMBL42161,COCC(O)Cn1ccnc1[N+](=O)[O-]
CHEMBL296035,CCc1cccc2cc(C(O)CNC(C)(C)C)oc12
CHEMBL291278,CN[C@H](CC(=O)O)C(=O)O
CHEMBL43482,CN(C)CCN1C(=O)c2cccc3cc([N+](=O)[O-])cc(c23)C1=O
CHEMBL46874,O=C1c2cccc3cc([N+](=O)[O-])cc(c23)C(=O)N1CCN1CCCC1
CHEMBL850,C[C@@H]1CN(c2c(F)c(N)c3c(=O)c(C(=O)O)cn(C4CC4)c3c2F)C[C@H](C)N1
CHEMBL42055,OCCN1CCN(CC/C=C2\c3ccccc3Sc3ccc(C(F)(F)F)cc32)CC1
CHEMBL294951,CN1CCC(=C2c3ccccc3CCc3sccc32)CC1
CHEMBL852,N[C@@H](Cc1ccc(N(CCCl)CCCl)cc1)C(=O)O
CHEMBL297302,O=C(CCCN1CCC(n2c(=O)[nH]c3ccccc32)CC1)c1ccc(F)cc1
CHEMBL853,Nc1ccn([C@H]2CC[C@@H](CO)O2)c(=O)n1
CHEMBL440294,NC(=O)C1(N2CCCCC2)CCN(CCCC(=O)c2ccc(F)cc2)CC1
CHEMBL855,Cc1ccc(/C(=C\CN2CCCC2)c2ccccn2)cc1
CHEMBL297362,Cc1cccc(C)c1NC1=NCCCS1
CHEMBL45029,CCC1(c2ccccc2)C(=O)NC(=O)N(C)C1=O
CHEMBL46399,CC1C2Cc3ccc(O)cc3C1(C)CCN2CCc1ccccc1
CHEMBL290429,CCC(=O)N(c1ccccc1)C1(C(=O)OC)CCN(CCc2ccccc2)CC1
CHEMBL856,CCC1(c2ccccc2)C(=O)NCNC1=O
CHEMBL857,O=C(O)CCCC[C@@H]1SC[C@@H]2NC(=O)N[C@@H]21
CHEMBL435170,CC(C)NCC(O)COc1ccc(CC(=O)OCCC23CC4CC(CC(C4)C2)C3)cc1
CHEMBL43068,CC(C)[C@H](N)C(=O)O
CHEMBL858,O=C(O)CN(CCN(CC(=O)O)CC(=O)O)CC(=O)O
CHEMBL431928,CC(CN1CCOCC1)C(C(=O)N1CCCC1)(c1ccccc1)c1ccccc1
